path	bytes	sha256	status
.gitattributes	112	7bf799a877788a02ff75f7a7021a15f168ededa33d6332426421fbf50b823a49	package
LICENSES/CC-BY-4.0-NOTICE.md	999	90f94380497def17333f5bb1f35487ab1b6083c6aa9e9a03b4e30cf25f0211a7	package
LICENSES/MIT.txt	1323	7a5411f9c1d90842b46177840060e94b52fdeddfe1bc029a1336d5886d302a4c	package
LICENSES/README.md	2388	b0b6118a158f472620f7fe20d4dfdf39f378ee33487353bf94bc8fa421f423ce	package
README.md	6335	65576592d53022672c2c5782f937d564258418472485318a610dec06e4bcd5c4	package
REPRODUCTION.md	7504	bc810aa4ae0eade305e201bcb86c75a9a8fb7688669d5f27c0b2ef4f522283ac	package
SANITATION.md	12199	7f31fe515614aa01fc6fe28dcc8710819bdc31e6bbdfa31153feeea2a823a537	package
SOURCE-MAP.md	5268	96f9d72e569ccb3411ea678205d061d51890bf4e230c5e5fa986becb8311e952	package
article/Safe_Cuts_Illustrated_v1.1.pdf	528869	0459cc8166d59a274450ba6d5ea615bbb78146a9cd88d82c483f9a747a2d3302	package
article/figure-1/PANELS.json	753	e067d79df12a6a1551562356593d6f37fb4b1e5a2dd6bfbc954768cfbca1ea96	package
article/figure-1/figure-1-panels-a-b.png	162794	532bb2571d92194f6d06d4c2bf081ba91aa6fd5fc68632471cc37cf0c9214ccb	package
article/figure-1/figure-1-panels-c-d.png	175498	412bf3ddea94fabbec85079839ead12c005a386da92d3406061eb4ab8a030c93	package
article/figure-1/make_figure_panels.py	1915	603b9f5b842666fc136a3f57f3457ef570b19414e01eac96c8cd533042a0040d	package
article/manuscript.md	61731	93b65e2eb67230b420c19d1d5df52b734f66bbda3c2a848f7ee09f24c1b44677	derivative
article/manuscript.tex	70329	43a0ceffd3365275d07f281bc63af888ce2d7ad7ac779799ac1fa26a9a836d2d	package
article/pdf-build/README.md	2832	df94ad3af2a5ecebc72d81e29e63d85f5e16e10e897076beb0cb141721a0b211	package
article/pdf-build/article-metadata.yaml	927	33ec666c579ede6a2b7e691d642b032a4dd586405f3bfe0b7d284e3cf3820488	package
article/pdf-build/build_pdf.py	5680	bfeeba7c79cd74ee3a79fa84becafb237201258b54cf59955cf90c8a8fc749bb	package
article/pdf-build/citation.txt	447	eef9dfea529bc6d5db24edd8e17de0e139f7f0bfd4354ac13bcad5849fe4d41e	package
article/pdf-build/figure-1-pages.tex	1781	b391908bb7247f890ebef49b509864a20195f5032cc894c729a3b5c501967f0d	package
article/pdf-build/pdf-style.tex	1578	918d4098d17a5d1a723fbbad5ea32998fdda78cd90d180ea0f67c432ca8c7587	package
citation.txt	447	eef9dfea529bc6d5db24edd8e17de0e139f7f0bfd4354ac13bcad5849fe4d41e	package
evidence/S13-author-self-review.md	14330	ddb3fd03afb364c81399fcd08049bec6416d4dd1d9eb5da3a372a5140f787c67	derivative
evidence/S8-opus-review.md	65374	fbb301d3a4f9b9f952ab7cf9dd8da53ccec96ab2005f8bb2f398b558f8e0c4e3	derivative
evidence/S9-implementation-return.md	10931	8e7d6bd5a0c3a034db49669f1da9c45ff470bafe333d7cb724997f53bb1ab0e8	derivative
evidence/author-self-review-checks/check_identities.py	3129	7b05362143f79f377459d6f07874e801fbcc68e4a59e32b02096c199844e9f60	source-identical
evidence/author-self-review-checks/identity_checks.json	2818	bb94a5e0b9b1d8a7525d731cb28c745b29dd59cf387c07b9da78fd05f4a214dc	source-identical
evidence/figure-packaging/FIGURE-SHA256SUMS	852	26001c39f585e02bee8947d5e7d41f80df1f27850c9a47b7f1e139099fc8c688	source-identical
evidence/figure-packaging/FIGURE-VERIFICATION.json	1194	c1571d5ced34131af754396b5cbe5019a1d653ecc778d244e6ee3b3634b8d361	source-identical
evidence/figure-packaging/README.md	715	f18eb61eed4cb5c68084fa3d5d8b9084e0a5e9082dcaf50344b6c846cba4ea1a	package
evidence/formal-results/codex-2026-09-25/README.md	3883	40f5cd2944ff0b8a354b89bfe765a087f340f45523b7c583a284e7a957619561	derivative
evidence/formal-results/codex-2026-09-25/baseline-regression-plan.json	2802	3cec72ad9921edeac1c360e3dd09992d3d4892e6cc50311ebf22530465094459	derivative
evidence/formal-results/codex-2026-09-25/command-receipts.json	237574	cdcf9817bcba9ddada33a51f1ff7d61e4a41ec3827c19ec1c1ddb85529ef96d7	derivative
evidence/formal-results/codex-2026-09-25/frustum-sanities.txt	2231	351bc22abda1261ed00b88b488743d0d85f5a12eb5955423d58e18e2d9cf8649	source-identical
evidence/formal-results/codex-2026-09-25/general-endpoint-sanity-abort.txt	309	e38ae59601969a3883110ae68552ffe02245a3b89dfcdc742a434c6cdd058168	source-identical
evidence/formal-results/codex-2026-09-25/positive-full-safe-build-abort-note.txt	215	b29cd043e3b40f37144ca12fa87233ae54a3b7cb4053297ea0629cf9f39bb3c8	source-identical
evidence/formal-results/codex-2026-09-25/pre-push-endpoint-build.json	8107	ffcd106723a8d06571f1ab5a5d3d8575e5d34f1165dc8f760d829b86fba75165	derivative
evidence/formal-results/codex-2026-09-25/pre-push-endpoint-build.txt	208854	8847905856c22d4c4873a0e1561e4bcd72bc021ca12c84d988a86d93c643e017	source-identical
evidence/formal-results/codex-2026-09-25/public-types-and-axioms.txt	19093	bb77eef64dd53554223d56b4dba9f95e272ca18f64c6100bf7df70f9d24987d4	source-identical
evidence/formal-results/codex-2026-09-25/python-regressions.json	1018	e1ac9906d03460636957071bf0eb80e5a6df2e6d5784aef41fc02e21659eb545	derivative
evidence/formal-results/codex-2026-09-25/regression-extremal.txt	1602	c8cde2282ba490cbd445f76a31672cfc395589ec6cba273114837a919e971c15	source-identical
evidence/formal-results/codex-2026-09-25/regression-folded-rf.txt	1770	570f6f401ec6e62567b6f3546fb609534e2d5a9206899ed14241d41d4748c6d2	source-identical
evidence/formal-results/codex-2026-09-25/regression-historical.txt	16697	ccc14c39e957d46e3978020d153029f18edd53fa2fec79cc7df604f49697b285	source-identical
evidence/formal-results/codex-2026-09-25/regression-position.txt	2433	84873e05469bee9da88607d7c40c0408ff49b0dcdeb5a41b829d4a6e50e5b76a	source-identical
evidence/formal-results/codex-2026-09-25/regression-radial-window.txt	1410	4035ad19eed54fee3b37b803a4c14e1248a3cbdc4774fc9084f603e263036c10	source-identical
evidence/formal-results/codex-2026-09-25/regression-source-floating.txt	1095	7fe5595295ac9a1c60f96f3f6b0f3e5a740ecd31350041f5f80f0379645386ef	source-identical
evidence/formal-results/codex-2026-09-25/source-audit.json	9972	af86106d7dab1e5248fd37b061ec525c6340805bc4fda41973a18c3a37ac2e64	source-identical
evidence/formal-results/codex-2026-09-25/upstream-axioms.txt	11467	b4c9608ab7572439441e606cddc8ed22f3e9e55ce042257a2b4b9ff3b9b284fb	source-identical
evidence/formal-results/codex-2026-09-25/verification.json	1601	084004e3eb805741f0a67648ffc41742953f1d4b76a49d11460c0a245e05d54c	derivative
figure/BUILD-RECORD.json	308	b4904698fc1b298771628c4c59479f9aa70f7031d5de441fdb93990cfb4ffdfe	source-identical
figure/CAPTION.md	2697	5163b201e1abf7f696117fa60ccac3a83ec364e7b2afb8a50cab7df25008fd33	source-identical
figure/FIGURE-NOTE.md	3397	f8fdae8ade859ff7dd6bc955e8ebd07b8ca43ef5d19320d7f30cb1ad0825b767	source-identical
figure/README.md	1517	e8288d2760c70c1121eeea97a30b9eba3c414b24b161d29fe9b262a259335794	source-identical
figure/SANITATION.md	1177	c3af69b6f687b03a669f70677800c4cd19ba09458c1a019194bfe4adcfe5cdd5	source-identical
figure/SHA256SUMS	852	26001c39f585e02bee8947d5e7d41f80df1f27850c9a47b7f1e139099fc8c688	source-identical
figure/figure-data.json	16166	d39f6ac0d593cc2ea375732b611ecb51e2d1153f6e5efbade2dc7aaa538a5df7	source-identical
figure/out/render-log.json	2674	331c46bc54232af707be23bf0af10a7ded5a19416aae66e2018f25e2cb931b82	source-identical
figure/out/safe-cuts-e4-e9-comparison.png	451232	ae53ede5ed9a8e2f91807d1ff7c18c0c387e7dd1d727f3a52996dc45c1b5e47c	source-identical
figure/out/safe-cuts-e4-e9-comparison.svg	62290	208651bbd9a08e9e538d7adbed85466198a32338712260a4a758016169a98eee	source-identical
figure/render_figure.py	13168	ac099932e977136dff9a72fa99c54d4ccf6adce180432495e75657ab9af9795b	source-identical
formal/.gitignore	7	fde850d24186b6e99c8c0debd641fb3ab85198b109eb66f71a1fea02bd6ea1b3	source-identical
formal/ArbitraryCutDirectMap.lean	4909	e9d7c3a5de36aed4809dba56b0d157e545ef906cc73eab31af1da554a064c35c	source-identical
formal/ArbitraryCutFullDevelopment.lean	2077	01243d6fbd31340d0e1c3c5a9d5f500aaaf8a118b7d7997047c572c6d5ce275a	source-identical
formal/BandGeometryAssembly.lean	20272	0c816bb67cc5bce7a543df0a26e3992da077313afcb4cc6c69afc4045dad04b7	source-identical
formal/BandGeometryAssemblySanity.lean	698	a24376154c2e0cc04851a778b5f57b2bee9b9b3d038dd21935c7dd9b6d3607a3	source-identical
formal/CommonSupportMerge.lean	25415	e70723b8896c93a4a11e8dd5b693c73ad9f3b61ac55d397677f20edf96fe5ac8	source-identical
formal/CommonSupportMergeSanity.lean	2783	b6c9d1f6dda28c99f7c1926b086ccd269393ca51702f43a4fc4393147e64da50	source-identical
formal/ConvexPolygonTurning.lean	15477	da7c3bf6449541cd54f0ac56f141e1e1cf9089e8850936e3be15c31e0aa6ab81	source-identical
formal/ConvexSectionNesting.lean	3366	2cf7bffbeaed17ba8932a6848f35d8b4da8afd913f7129f5628cb2af81edcbf2	source-identical
formal/CutSurfaceQuotient.lean	28294	6fffaff7eec57bf737389715929ad932b914a00dc888ec8961af2cca684a5ebe	source-identical
formal/CyclicCutOrders.lean	25397	9f65f9d5e44a36aeab73c9c8a5fd3282b7a9b18e090ffe61e4da07dff3234627	source-identical
formal/CyclicCutOrdersSanity.lean	3306	2ba1c0324dd3033d3dbd72d88a262239c1ae7e7800b22955d69d572f9e8163ca	source-identical
formal/EuclideanPrismatoidCoordinates.lean	2922	3ae50730400762d9f648d4af760a6dfd6192f68b3410a70e9cbb2fd8dc331434	source-identical
formal/FaceChainRestriction.lean	5772	7a77f9ead0f6468d8847994b728cfd9857ffe42f71ef466b178c2098533b0880	source-identical
formal/FiniteWitnessClosure.lean	14529	a1f58525a8626dff7db4795640d79e92a96c10e1c570b6ec61c31e66c7a0e953	source-identical
formal/FiniteWitnessClosureSanity.lean	764	fe31aa47b65738ba7584c0e99629c84f180defc3358478a62e5454d52f8f346d	source-identical
formal/FixedBaselineCyclicConjugacy.lean	20836	bc5f502256bbb7a85315fc4efa035c47dbf47d379271bb0ae35c0a47006d8d21	source-identical
formal/FixedBaselinePolarRayGeometry.lean	59865	70082452a51e1192a8d13104b3cfeeaf886e3cb2f4793a26b007eaf06ae301e5	source-identical
formal/FixedBaselinePolarTrace.lean	44401	2a2a3f18047f3d4f70b6c057d36ce4515d704e8ef0b59970d5c4b615542b0b5f	source-identical
formal/FixedBaselinePolarTraceSanity.lean	8389	d37170d28cd79b7208c45fe92a8bc6e1cb73fc375d5725a6efd5424e4cba1142	source-identical
formal/FoldedTurnProjection.lean	39472	e53357cb7a0082c76c31c18226718f86252ea9c3290e80544e1795b131c36b6f	source-identical
formal/GeneralBandClosedApplication.lean	7297	f2b8a1d0251f1c078c7449062327e01fe498d4af00a36a9ad8b39d1db58c0704	source-identical
formal/GeneralBandClosedApplicationSanity.lean	3999	8324bf2f25e6e98902aa8db5780b834081191d68d1f8d8a8e4bd1651072e74ca	source-identical
formal/GeneralTwoRimEndpoint.lean	3286	e036e0d8d5fee5b829f0400ff9b8b66c466bbb7278438e62e6b8a02afc085470	source-identical
formal/GeneralTwoRimEndpointSanity.lean	3420	195990edf365ca03a131854248c84da4f786e7d489d6d6c8b958590a1bb4a8d6	source-identical
formal/GeneralTwoRimFrustumSanity.lean	12350	4655963f983fcfc62f598cd56c88a5f62bda2b7ae880da7b64cc50c7af4c7fc5	source-identical
formal/GeneralTwoRimReversedFrustumSanity.lean	11663	0a9c06b5ca26d064104a43afd662d1c1b06704a17e6bdf11b09a6a112030bda9	source-identical
formal/GeneralTwoRimUnfolding.lean	4979	9d4abc603abee89eada601b381aca57c84604def558b969a2ddb1a5f0ed77d18	source-identical
formal/GeneralTwoRimUnfoldingSanity.lean	1785	6c9e037d04883976eec9c0a20b121c992e5baca166031c3b3c6452425d379493	source-identical
formal/HingeExtensionUniqueness.lean	6990	9d80b7740076ef01617816d674ff47941bbd8118bf37417331b9b44e0a900f99	source-identical
formal/MaximalSupportCells.lean	30015	59c48630fa22d0d56e081193ea62cc77c1e8cd71af1245c8a546629441614e3d	derivative
formal/MergedNormalPrismatoid.lean	8735	51df179999272d9be3293d14773925195be902ee6180209c65398460a9daad0d	source-identical
formal/MixedTurnSafeCut.lean	42397	f33807bebec5af7f92b9e7a3e9baa73263e0f8a4d5fe2ce6ef4a69453b36a00f	source-identical
formal/MixedTurnSafeCutSanity.lean	7426	e6db757090b3e6b99d81e034f3eb823f45d50d5683dcc1bb0356761a14a0726c	source-identical
formal/MutationRejected.lean.fail	952	63f6043d698cc8f983f5f6c2e6b671ba1fa814d76a8d0f4a7b875e8c5347323a	source-identical
formal/NestedBandExternalApplication.lean	13574	e9c20a221e094add0621a715573299ee6e164c5c122a0782b95d30a8059aa06f	source-identical
formal/NormalFanSplice.lean	34150	7e2961c55d7c99d3a7fae1ad987cfd8f1d0e69bf23799a9bfb03730853141793	source-identical
formal/NormalFanSpliceSanity.lean	3552	60318df667de560e7c0ae823ba3eb83730117e8d7d4217e551daf19c08c84689	source-identical
formal/OriginalFacetCertificates.lean	24320	5d5a4f0438f4f029ecb0bfd9c1cb88acca0d4f4b3990ffd00f029a2fba8cb57b	source-identical
formal/OriginalFacetCertificatesSanity.lean	2021	ca4445f809a4fe4197758e99faddcf33e77fe375c17f6638898ad20b05703972	source-identical
formal/PhysicalMixedTurnBridge.lean	3712	3583f038d5d5f0ddd2ca11e2d9e6828af7fd863c8b568a0f18150027124310ed	source-identical
formal/PhysicalMixedTurnDevelopment.lean	58335	c6b67f7ecadc0963a6b7d6827e3532e0111ea95ee7782e550ca1c8685bbd1237	source-identical
formal/PhysicalMixedTurnEndpointTransport.lean	5418	2ddd7bd1fb018be6b063afdd17d0b46340a4792ed0d0e16065316d052dbee655	source-identical
formal/PhysicalMixedTurnGeometry.lean	51397	f6fcb4e7bbd067409d4041955df6b2584271227634e848556a19ec9d289bac2f	source-identical
formal/PhysicalMixedTurnLayout.lean	18337	7f9a2ef66bc2cc6f0fe138e9cc486cd09fca75f19a08cd8093e7e616403beea4	source-identical
formal/PhysicalMixedTurnSource.lean	47282	80eeb44edab85050940ff7e2be9808560e74a44616b6dc2ba7eb5dc472eca882	source-identical
formal/PhysicalMixedTurnSourceSanity.lean	10251	a2ef949c7bc98901092a5467d58eef4995f752e2f00505a0381f10d637194ada	source-identical
formal/PhysicalMixedTurnSourceSanityFixtures.lean	20608	ae5c8a3638e24f938ee2abc32b463039013e47d2f714ea1c961895a90350f8c1	source-identical
formal/PhysicalMixedTurnState.lean	13697	2b4d8adfcfed31968a418ad010464d217688380cd9d85ba9359d6ec3e38d294a	source-identical
formal/PhysicalMixedTurnTransport.lean	3381	f71699f745c5d4a41f15d1ad5688d4738240aa8a183d67a22f4fbd94459d42a5	source-identical
formal/PhysicalRadialSupport.lean	63959	e854ea12295dd376a7024af72b058fe2f2ab93a2e51b626f6e968753e5f88fc8	source-identical
formal/PolygonSetReconstruction.lean	21681	f9008b0e48e75883ea938faa6b9dd13c5e40b0d3fd39192e9b19cc5b7372b84b	source-identical
formal/PolygonSetReconstructionSanity.lean	3291	d65f03f205bbe7f93922b49c617468dee08d64294d1d3deb41187395d89aebb0	source-identical
formal/PolygonSupportCompleteness.lean	21008	6ffc1277b9eb57ad1486d1190bd9b05ecf4b9920a16131ba37f084498aa738da	source-identical
formal/PolygonSupportCompletenessSanity.lean	1897	cb9f32af70ed90895ae320affaf85d673e730932066bc1599d3431bc6f64256b	source-identical
formal/PolyhedralInputBridge.lean	19379	201f7e883631cda86b3d15e3463169b3983d59159388c081289e0688298125af	source-identical
formal/README.md	3435	bcdab227d01abaa1014ada34a1550eabdc56d8c4f1234d49b7e8ae79d4f2ddab	source-identical
formal/RadialExtremalSafety.lean	22811	f266fe7caaeb7c9986a6ae15dceb6d3f1f9daf010c472b5a4caf4712924e412e	source-identical
formal/RadialOriginalSeam.lean	68978	5f56005ea48f2552def903de621f84bd28e970adeb7426e1346c1e4d5362f329	source-identical
formal/RadialOriginalSeamSanity.lean	3930	dbf31bfe6465cc80f8c00c4774f215a8c6d0ef9cf8efa005d36fea34d5d82b6b	source-identical
formal/SelectedNegativeDirectDevelopment.lean	1517	e352313b647c07d937f9862a20a4a656b0ae76610633145d93f69468d77ab5de	source-identical
formal/SelectedNegativeFullDevelopment.lean	11339	02195be1c4569f72aceed631677d0075c0f7f11de5c51c4f95bfdb1a75bb9620	source-identical
formal/SelectedNegativeHingeGluing.lean	7933	9ad8c96f6b7113504d1c612bab397b95b8bf94493ac86745b8c27b214f64191c	source-identical
formal/SelectedNegativeRootPolar.lean	17374	172b2c27aee88f78dd67847785a3c02374161b1285c6452259acae0adc37d9a3	source-identical
formal/SelectedNegativeRootPolarLift.lean	117797	2115ee3f14027b9855f0f70ddc36879eeb39ce198ce9e7b5d136a51eb24a9774	source-identical
formal/SelectedPositiveFullDevelopment.lean	1482	3723c1869706b81763bc1bb84d8a5166d983b652242823dc52ef2c1da8f16b20	source-identical
formal/SelectedPositiveFullSafe.lean	4403	bc39045d3cc0410aa11ea7055718f2ef3a2af96423038cffb9d99f999d90e644	source-identical
formal/SelectedPositiveFullSafeSanity.lean	2395	bf3a317b4c3601af9430d5b13d24410ff0448997e495dc547753632ce5720e38	source-identical
formal/SelectedPositiveImageBoundary.lean	2592	ec2627343243e824c5bfdd240078274ebdf0039c96ee733ee8d70124eafbf9e9	source-identical
formal/SelectedPositiveMaterialHit.lean	1790	0d602f1be617c0fdf1e5148f4ec2fbbf77488cf34b4fcd03d2c8f237388b2988	source-identical
formal/SelectedPositiveRootPolarLift.lean	87604	67ae722e7852e67952e99944f20e0c8f03b22e26281fe5e527fecf9a50afb579	source-identical
formal/SelectedRootInteriorWitness.lean	22579	d2384e84b236fe5f40615e99ca41fc9d05d9e1f8a1d8a9490530066e748737a1	source-identical
formal/SingleCutRecovery.lean	24209	fdbfcd0d2cf6ff8cd079d208a62b0ea98785cb32f5ef71503c845b9da14645fd	source-identical
formal/SingleCutRecoverySanity.lean	506	7194fc5d3c6ecec995e274b0b7b27fa5edb278a1e2664d54cd3dbd87315d0327	source-identical
formal/SourceFullDevelopmentAssembly.lean	7645	f78b3d52e8b41ece59e86194c779d9634f1db1bd01011ed96d2553958395f97e	source-identical
formal/TrimmedFacetWitnesses.lean	8216	43b84070a1a5de8d782020a322d7a66c47bfbe7c5872bd369afb2548ce4c51f5	source-identical
formal/WORKLOG.md	62792	80c27a8cbe3fd3b6aa4cad4357fb970fce60dfcc9c95939a97582229b4c62531	derivative
formal/build-receipt.txt	912	81a3923e644918f909a823a33f0288da0809f27a9fb983be9baf8e8ebd818014	source-identical
formal/lake-manifest.json	3144	67b13cffbe7cdfe856f6945a3176f98d75b1c87ea544e5f9e1f43bf5968dc40f	source-identical
formal/lakefile.toml	5326	ce66861e827134127eb0a38f2f25b19a44b33610a8a4412342fd0c72830a26d7	source-identical
formal/lean-toolchain	25	8733782dc070a99b312039cda424f601b80f3be6f6f512627da5ba25adc27632	source-identical
formal/mutation-rejection.txt	335	c42d4ed3bf6394bf54bdd48144ecd80b77f82dce83edb3fce7ce74c9f4e65858	derivative
geometry-lab/.gitattributes	94	ef03c551c2faa9ac115fbc7e108ead958507a62d1b1bdce0c9eb370d9dc3b9e3	source-identical
geometry-lab/.gitignore	41	b0b18f5bf7184f205a45032e7a3034fffc852f9c6ad28ae26bb839e2893b5ddd	source-identical
geometry-lab/DESIGN.md	18124	b4226aa2b9b8cf767af6fd5b21cfca04d43600d257d73fc58b2d003f40b4264f	derivative
geometry-lab/ELEVEN-PANEL-MAPPING.md	6556	3f9e1a2ad173d17dae84cc47278145b323b96749f68858c6a163f4cdcd5ec869	derivative
geometry-lab/IDEAL-DEVELOPMENT-CONTRACT.md	12434	714efae50c2309ae89d1aeb0fd34958dc9857f1317bf53d45af564bc815dda61	derivative
geometry-lab/PROVENANCE-STAGE-2.json	3727	6d8fbe6c96e19f821a25453c05cb56f9afbdc740b294e76c1aeef76f6efa9563	derivative
geometry-lab/PROVENANCE-STAGE-3.json	4295	8cd27505a6181dead58129b3de8431287ea3c0975500d0ddb52794066165587d	derivative
geometry-lab/PROVENANCE-STAGE-4B.json	6738	2fb0a418ce952670b1c82dad52ed17e559aed453f21ccf0b7670faf087fdb4c6	derivative
geometry-lab/README.md	8821	a86e38fd18c155ca0dc41bcfa70e252cd858bd8a3fb7b8082596ff577d0ebc7e	derivative
geometry-lab/STAGE-1-REPAIR-PLAN.md	5058	46ef7016983542544ee4ba5477c4b28679eed6179c987d742b687b271185ce6f	derivative
geometry-lab/STAGE-1-REPAIR-RETURN.md	10649	4a0f386821dc7e04212b632f37308b732b7a0e745cfb7aa16f8eff70f5ec320f	derivative
geometry-lab/STAGE-1-RETURN.md	9698	5ef02c418d486989069a5dd135f56435e1ce6abe33c3090a5a81eb4e35e1f406	derivative
geometry-lab/STAGE-2-PLAN.md	5110	343751be24d1560bd8fe55b74e018fcc8269f0e4fadf825e7ce4d69f1294d569	derivative
geometry-lab/STAGE-2-REPAIR-PLAN.md	4848	b624bfadce0f82abccc4d6c6dd282e5579c8b8e7bdb4b4afe1590ee140a898d9	derivative
geometry-lab/STAGE-2-REPAIR-RETURN.md	11327	d84b6cb9f95e7e56ba5d87626255d7e1908da79234fb7d0a2c1d96988b2c24f9	derivative
geometry-lab/STAGE-2-RETURN.md	12779	6c8d19036d747b9a849d9b07cc7dbb3f44106abb20ef2e811d14057e96a48bd8	derivative
geometry-lab/STAGE-3-PLAN.md	6659	f6649fd915bac84897eba26debf32da0be441cd2e0356d69c8e33d8f96aa3967	derivative
geometry-lab/STAGE-3-REPAIR-PLAN.md	9053	86ebc642d4e34ebb5194ddcbf3d40909ca591dc43a1804978602b6bde83c94d0	derivative
geometry-lab/STAGE-3-REPAIR-RETURN.md	15887	68751e28f10532f9a1b07236714ab1ad085de5825d6c2d70ae67adab2605cd3c	derivative
geometry-lab/STAGE-3-RETURN.md	12921	c7351fa0b928a7dc9f76ac5526257e58e6083e96c98c4d56aca831be9ae33605	derivative
geometry-lab/STAGE-4A-DESIGN.md	32592	f673388368d815c0ca8c870b96108c7c90064a79eb04997a093af9a7159834a6	derivative
geometry-lab/STAGE-4A-RECHECK-REPAIR-PLAN.md	7496	11eb10c1d9d9fbbb755f10aa906d7c13949cb6c1d0535b192504312d673bd932	derivative
geometry-lab/STAGE-4A-RECHECK-REPAIR-RETURN.md	12467	1c37841590bd7718a29a214d38040355e0f14735410ccc374747368eab089e0d	derivative
geometry-lab/STAGE-4A-REPAIR-PLAN.md	10424	04c02003a0cc6ddbd2be326b118d855d747e8ccb3b9ee642db80a7a7f3ffbd52	derivative
geometry-lab/STAGE-4A-REPAIR-RETURN.md	16617	8f6d1aebb9116f88a07d7fba9bf70ffa754d8b6f3dbff466fc501936d8490942	derivative
geometry-lab/STAGE-4A-RETURN.md	16066	fc49c57ce485b06b8ca12476ebf445a660a66601fb7328cc97f53e97809d3e76	derivative
geometry-lab/STAGE-4B-PLAN.md	21819	c04924af2eee4a5bd06d7d46cc93313b318c3d95346d66b1ea6876f9e2e3fb22	derivative
geometry-lab/STAGE-4B-REPAIR-PLAN.md	4774	80e20ce597028c7dfdf55993477a77a50b2329690f89b1852fc49ad18009ae36	derivative
geometry-lab/STAGE-4B-REPAIR-RETURN.md	7805	721fcdcd0c30034f8afe29f93ecf6f8f4c5ac6af9ba37634a5416e9e2f7b5f73	derivative
geometry-lab/STAGE-4B-RETURN.md	13757	bf30d33b18b6f9266df4b445e22f2beecfcd19951aefac7c0f0dcf9e3f7fdffc	derivative
geometry-lab/TWO-RIM-DEVELOPMENT-SCHEMA.md	12258	4ed9732b195d2db43e4f98b141d6ab221db0bc215b3b94cbfd37fdbbfd5dff23	source-identical
geometry-lab/TWO-RIM-IDEAL-SCHEMA.md	11357	19e51ef55550ab3ca565c520629c791c90c6a1af24435b7ba03c4dd14be20886	derivative
geometry-lab/TWO-RIM-SCHEMA.md	10423	01ea6c5e3dcf1391471bc94a1491e23f676464a021653066ce3b01ee8f960cfb	source-identical
geometry-lab/examples/core_demo.py	7928	3e67d44a6130fb0b4861ef3e58b3819266915918f0b085040ef3e96d9c206604	source-identical
geometry-lab/examples/two_rim_demo.py	7505	a36636397e4e008eaad39e6f2d83d25df476666296d29642c1407abf36c1534d	source-identical
geometry-lab/examples/two_rim_development_demo.py	7479	a7fd88c8d866b306cf7061ceb986d3d16762661b05cffd56632128a04da608e1	source-identical
geometry-lab/glab/__init__.py	48	470a01bb76519e6d5f4e9356dd89f4cf05c4d609ac4f42055c1c0a8d6552e64b	source-identical
geometry-lab/glab/check/__init__.py	83	7958e04e6385b0fcebd7470e62d83da998c36c0fd8e5f895593588125b9ab3b3	source-identical
geometry-lab/glab/check/two_rim_development.py	37953	af57b976b416f2af1a9f3cf355f58489dd630b735f8a5fd45eb3359381bce0ed	source-identical
geometry-lab/glab/check/two_rim_source.py	29767	15aa6a434af8c53a12ba85b4688667fac72b0f687b8dc4997474349d269845ba	source-identical
geometry-lab/glab/core/__init__.py	82	37142822bac94f3b80ffe9b930de5a387cab3cf3aef98112a23a914ba3bbd295	source-identical
geometry-lab/glab/core/evidence.py	9750	e1ef2f08183697262c2859158799d17c62acd9dbe761471d1c688cd77590b831	source-identical
geometry-lab/glab/core/numbers.py	1855	c67b1d079adc356d630f194709ffaf2c70b512032509129ace13e55a1f284d8c	source-identical
geometry-lab/glab/core/records.py	6512	92eceb2f5b09d197aef16dc0331a67abfd03debe5c3340247bf6019a1e87b574	source-identical
geometry-lab/glab/core/registry.py	7685	96dcffbf229f0f024597ecb07f70954d66e23e90dd772feac1610d23758445bc	source-identical
geometry-lab/glab/core/runfile.py	27317	7c84c4d300f58668c70dde5ab4d2cb4c7efb12113326e1c3edd3e0709c3cfd89	source-identical
geometry-lab/glab/ideal_check/__init__.py	155	39da61d20d7f41c201688b2c977428e5fedbde1293036135019c510e13f01e62	source-identical
geometry-lab/glab/ideal_check/checker.py	18490	faba07cf4b0d3a66f6bbd0dcefdd22f07ae9fb3f6bb57bf5c6c252dfb59c5df6	derivative
geometry-lab/glab/ideal_check/geometry.py	29031	ca7f3f4aa8132a937112e30bda2b121eaeda2a5632e29b12cc883096bb1fa628	source-identical
geometry-lab/glab/rigorous/__init__.py	95	beab4c133aed9bdb9bf30893c0fde66f66e581e1961c25359ac789212a24ae56	source-identical
geometry-lab/glab/rigorous/ratint.py	5581	f427e168432dd69d9b9d63ca384896e46776923927f05847d205ffdc86e45c68	source-identical
geometry-lab/glab/two_rim/__init__.py	85	4f568296e559e075f221eb526db893bae15af85f332c8de6d9c3c215f7d089c9	source-identical
geometry-lab/glab/two_rim/actions.py	1372	2fafce0f5a3d11de84487417e154556a3c0c926961d89b8b21f2e8c4a4ed2398	source-identical
geometry-lab/glab/two_rim/cut.py	2545	59dfc6b4b1075a3230e7c4b4cdd797cccb279d0d1d317c4581b489945de07bf3	source-identical
geometry-lab/glab/two_rim/dev_actions.py	1389	c2f4671a552b6e06763c983242f2c101ecbfb28a7e5442571671ef921d88043b	source-identical
geometry-lab/glab/two_rim/develop.py	4251	1456ad4a4114b1fac7bcb83ee115ada6136c669d73074a2f8623adc0b76d52a6	derivative
geometry-lab/glab/two_rim/ideal_actions.py	3614	15377b7ffc4eaa8d79ff3e862567303ac7a8298b27f2f39bf87b486a7ca8f274	source-identical
geometry-lab/glab/two_rim/ideal_search.py	13144	c1119a4f2f56a44a0a3d1a253d1fcdcffd6b82fd363f5777f14df155356eec4f	source-identical
geometry-lab/glab/two_rim/material.py	8454	7b7de6c16c393764877e0912024bfe78366d4eccc4dd0a0d004babac09ebf087	source-identical
geometry-lab/glab/two_rim/search.py	8763	bf16da91786f3366d4b734db28c3e335faa5c153b542df711d919b76f65a2f2e	source-identical
geometry-lab/glab/two_rim/source.py	7348	83f95e22e1b3e54761cfb080e1d729eb3a2bb65cfd6e5a42b0d604f09fea92ad	source-identical
geometry-lab/glab/two_rim/trim.py	1819	074105ddcdb7076c088de7a44aee2695066f540d0c9cb07474f4e5e1fca244c1	source-identical
geometry-lab/glab/two_rim/view_export.py	3692	375d9738dc699a74f743c8b57158cd586abb3d7516c0be63f220856eb25c8b21	source-identical
geometry-lab/glab/view/__init__.py	100	478c57b0917a52b79ec007f7b4bd233340e4023ee55091d3f5aa996668c671c9	source-identical
geometry-lab/glab/view/static.py	8856	77e67253d2bbb67b0a33edd97e2e59d9f4fe0f4855de9a1e3eed97cf7ddad7fa	source-identical
geometry-lab/probes/stage4a/.gitattributes	70	4b8404687e36dea99379782af27cbb246a5d4a0b5d24a3c03dbb69f55bf190ee	source-identical
geometry-lab/probes/stage4a/L4-CORRESPONDENCE.md	16897	3b54cb8a174ed7124cac4032a9763b538cfecf4aee8719690fdc1ce35d1e1482	derivative
geometry-lab/probes/stage4a/README.md	3297	2425e4505f36bf30dac2e30927a65a5bb40b22bff25cc17de111372cd616bfd7	derivative
geometry-lab/probes/stage4a/__init__.py	294	d43a2ff8d9bf789f9ea3d868366a0a6f578c5f3c5e019502dd6c8919016d930c	source-identical
geometry-lab/probes/stage4a/binding.py	7405	b641acabdfa73451b500ae94d52d3f67c1e128c25ffcc7d8cd32d25d1c55c820	source-identical
geometry-lab/probes/stage4a/classify.py	8845	2c6c80a70f4b393469658ef63c6595444b099cbba38e1d69ef51ccc3b20d9840	source-identical
geometry-lab/probes/stage4a/firewall.py	4296	0579a4335b33d1045c8a4e8dc91ce661f5783f78c5930c71490a47b38343fc1e	source-identical
geometry-lab/probes/stage4a/ideal.py	16887	c7d756b33fd4a933657c9a15af4b7c2827a39be7ac071044cce6b503f657d045	source-identical
geometry-lab/probes/stage4a/ratint.py	5391	e24738bac3dcbd96f6e8b82946de29a59fd0ea7aac0f2a89803ffa37e62049ce	source-identical
geometry-lab/probes/stage4a/receipts/controls/controls-before-targets.log	11711	902a967af2b6d7d04a40dff89bb680cc07a28d369ca8238ef6ebdf23415c718d	source-identical
geometry-lab/probes/stage4a/receipts/controls/controls-final.log	11711	902a967af2b6d7d04a40dff89bb680cc07a28d369ca8238ef6ebdf23415c718d	source-identical
geometry-lab/probes/stage4a/receipts/controls/inherited-suite-C8.log	508	ce3034ddc7b035258a69ddc168201c5ec9ee871b3d17c37b550f61c1ae21bdf3	source-identical
geometry-lab/probes/stage4a/receipts/controls/stage3-float-mutation-controls-C8.log	3136	466e883f68517cd3640f18e7ffee0f806d8552d2c58d0b000c12e61c6ca9e81f	source-identical
geometry-lab/probes/stage4a/receipts/inherited-suite-final.log	508	0c8f2776999f9b720f084449407b6d17b4fd86c0cefc66a17822aea9fbec8c29	source-identical
geometry-lab/probes/stage4a/receipts/probe-environment.json	941	8fb3c9d183d9a2ea4740e77d75ac5df41208ea3117d505188a971ef7d711bf67	source-identical
geometry-lab/probes/stage4a/receipts/recheck-repair/controls.log	11711	0361685c17e9cff6fc907e1c4b05c67e249eeda4c70892e3a261646ce5f3f6bf	source-identical
geometry-lab/probes/stage4a/receipts/recheck-repair/environment.json	1025	4762eda019dc4a756c26af50cba17d24fb2f6e4407625820a03a55f216c10c3f	derivative
geometry-lab/probes/stage4a/receipts/recheck-repair/inherited-suite.log	508	a9a7e45a41068465dfb0f364c363f4b41d7a24acac1628cd4b53dfae19cae425	source-identical
geometry-lab/probes/stage4a/receipts/recheck-repair/recheck/recheck-stdout.log	461	049a2cba3131bbcaf126aae5601516ee3ac4d06ddcdc9c42a1ea510e87f45816	source-identical
geometry-lab/probes/stage4a/receipts/recheck-repair/recheck/recheck.json	3019	77b4b35d9ecc08ba97ce5a2aea97b23676fe0b3fcf702b91013ec18ad39e170b	source-identical
geometry-lab/probes/stage4a/receipts/recheck-repair/red-r01-r02-tests.log	34064	3abaeb801cf877fd1cd8491425de2a510ac98db2d01479ead5272fb47ca48ee8	derivative
geometry-lab/probes/stage4a/receipts/recheck-repair/red-review-and-followup-at-commit-62.log	11148	4a860d8d48df2ecf223838458c82be0a169ceabeb8a36c08cec42b1db31e8ff4	derivative
geometry-lab/probes/stage4a/receipts/recheck-repair/repair-a01-a02.log	4289	149086a964654a141b6999e0eec1f8a12592a7287363792f48941cb580271414	source-identical
geometry-lab/probes/stage4a/receipts/recheck-repair/results/MANIFEST.json	693	9488e7ebeb29aa2ad747c3ac816740bab6ef5b6a0c98818ed990d82060b54a15	source-identical
geometry-lab/probes/stage4a/receipts/recheck-repair/results/historical-reference.json	3447	7e28b1b3df4a756a0211cfe41bb29155d3c9fca5e219ba0219a2df193a72cac1	source-identical
geometry-lab/probes/stage4a/receipts/recheck-repair/results/l4-hypotheses.json	921	72a0887e397ac2dd7d0680bdc867a0fbcf7c62e768cb8f6b30416a89c1ff5023	source-identical
geometry-lab/probes/stage4a/receipts/recheck-repair/results/recheck-bundle.json	932710	6445abae2e70ca36e2766ca86710661762a124781c8c60c525730226963fe792	source-identical
geometry-lab/probes/stage4a/receipts/recheck-repair/results/scan-certificates.json	719278	da9b96f1c8892ebf5575b4e1790c711d0ac0da7591ca5576a944707d9299be81	source-identical
geometry-lab/probes/stage4a/receipts/recheck-repair/results/scan-summary.json	4704	7da5b78a4572b6da3208079d764754466a65b7ff827499dce6ddfd909b625301	source-identical
geometry-lab/probes/stage4a/receipts/recheck-repair/results/square-prism.json	3145	27710d102a87a22ce5d5e08faf646400868996096e76ddbbf0009c853f156015	source-identical
geometry-lab/probes/stage4a/receipts/recheck-repair/results/targets.json	6625	97150a457c65c59cf9988f9deb74941070500feef9e43451176e8e02233d15f4	source-identical
geometry-lab/probes/stage4a/receipts/recheck-repair/results/timing.json	534	b930477ae2e079f89c8baee88c5629eb9f45d042d39b0f47e70a3aea995c4545	source-identical
geometry-lab/probes/stage4a/receipts/recheck-repair/review-env-tests.log	41246	a27b7d4216d8e1f5e00663235a3331ecfb92f5716cc448078adf07230e2069e6	source-identical
geometry-lab/probes/stage4a/receipts/recheck-repair/run-probe-stdout.log	758	cf936940a781b8a020cedaeddede5d4bc7b3832b9774bf4f95ba379107083d32	source-identical
geometry-lab/probes/stage4a/receipts/recheck-repair/system-boundary-probe-after-repair.json	820	a6de252f1d9474bcbe86bc2a05ef4525b1ac48f8d78c9081c177a6a1b53b1399	source-identical
geometry-lab/probes/stage4a/receipts/recheck-repair/system-reproduce-scan/environment.json	386	f637c1a9af8182da198fe892685e77db1c55c9c4e66a0a0c3232405152f20cbc	source-identical
geometry-lab/probes/stage4a/receipts/recheck-repair/system-reproduce-scan/fresh-recheck-bundle.json	965611	b1d6aec1534a2f9fd136a988c5f7eddf01271d14e228fc00306c80ca73b1cf7a	source-identical
geometry-lab/probes/stage4a/receipts/recheck-repair/system-reproduce-scan/fresh-recheck.json	3019	77b4b35d9ecc08ba97ce5a2aea97b23676fe0b3fcf702b91013ec18ad39e170b	source-identical
geometry-lab/probes/stage4a/receipts/recheck-repair/system-reproduce-scan/fresh-scan-certificates.json	719146	02bbace435d2c584056cb6cdeb92392606a5026321be10186454f0aea426b0ed	source-identical
geometry-lab/probes/stage4a/receipts/recheck-repair/system-reproduce-scan/fresh-scan-summary.json	3020	19023ae40cdf533b59b221475fc0613792b56b697bb2e34b4ba0a5a5e93e1a44	source-identical
geometry-lab/probes/stage4a/receipts/recheck-repair/system-reproduce-scan/fresh-square.json	565	20028f77d3f8faa59d6f7bf4e1cdbddea78eb588ac52aa1420cadc58af12d7df	source-identical
geometry-lab/probes/stage4a/receipts/recheck-repair/system-reproduce-scan/fresh-targets.json	3304	72fb3c3091f75bd30adc6f0731b8231fcb091beb673e6e2ffc083019d060ffc9	source-identical
geometry-lab/probes/stage4a/receipts/recheck-repair/system-reproduce-scan/stdout.log	709	7363dfb4643414d6cb1e49807ba8c92994674c089fb164b0ddd93e12de9b017e	source-identical
geometry-lab/probes/stage4a/receipts/recheck-repair/system-review-and-followup-after-repair.log	8982	6a2c473168fbcc1dbc3eeccff234947d8a7330b484b3c87fcc709cfb0f6d0eb8	source-identical
geometry-lab/probes/stage4a/receipts/recheck-repair/system-verbatim-after-repair.log	1547	ea519e2d7f2c3b21773599d17ebf5233c17b4df3dff43ea71a293ea836dd68dd	derivative
geometry-lab/probes/stage4a/receipts/recheck-repair/targets.log	1001	4383d851ba04cc28f60377b6a0f5b49199ba6d82f4e0fadb9a7a8bdba3625d90	source-identical
geometry-lab/probes/stage4a/receipts/recheck-repair/verbatim-at-commit-62.log	1479	d652d051111f9fe9978ce1f94314f1af4d9997f0c5088e0c785faf9851734146	derivative
geometry-lab/probes/stage4a/receipts/recheck/controls/altered_axis_gap.out.json	831	84056a7c318a7022e16f1e45ba78368d5b63c3132537249df9730d15ee71c508	source-identical
geometry-lab/probes/stage4a/receipts/recheck/controls/altered_sigma.out.json	850	8c8246bc58ad0a563b210131ecb2524ae92c682f4b011d152d3c981d5b8a1bda	source-identical
geometry-lab/probes/stage4a/receipts/recheck/controls/inward_normal_input.out.json	3150	d0a0bf2566f5c24e353a9fa6a72851a172eb5eb6ba9c8ee38b2184bcf210b28c	source-identical
geometry-lab/probes/stage4a/receipts/recheck/controls/moved_witness.out.json	834	a02ed4cb156cfba6325a0d05792e6e043d53856c0208e74121ec8ed284a93426	source-identical
geometry-lab/probes/stage4a/receipts/recheck/controls/shifted_box.out.json	918	c5040c39825931040a01faf3ee7c3eb1e1f9302322e7fb27e8a6ff43ce6280b3	source-identical
geometry-lab/probes/stage4a/receipts/recheck/environment.json	695	70626985a976ba1d93f06590d6f0355df2585b47fefeffeeb7e5119bb67d9696	source-identical
geometry-lab/probes/stage4a/receipts/recheck/recheck-negative-controls.log	480	20a684d62fd4cbf0d469d905b8fdb385fa311c3b6a346da967574cfc2c1efaf8	source-identical
geometry-lab/probes/stage4a/receipts/recheck/recheck-stdout.log	233	c7ffdde305e0b1f2ccd1c56c1983f9773ae34672b610577febcdbfbc8b2930b6	source-identical
geometry-lab/probes/stage4a/receipts/recheck/recheck.json	3233	2e825880729a85df5ea83674ffbd21b185b18cdd0b82701d6e76611c4ea30b06	source-identical
geometry-lab/probes/stage4a/receipts/repair/controls-after-repair.log	11711	bdec346eb5de6df26761efae2879c9212e9f11597571769136e37666d5ce7d0f	source-identical
geometry-lab/probes/stage4a/receipts/repair/inherited-suite.log	508	8d00261bd15596d0332b6bf7c543c82570c88837279d74cd97b214bd497b0b20	source-identical
geometry-lab/probes/stage4a/receipts/repair/probe-environment.json	598	51eb2cc8fd82ffec824c5f954f59d58daf913f912c8af8cc4731cd3143573f61	source-identical
geometry-lab/probes/stage4a/receipts/repair/recheck/environment.json	540	d6c455e217885351e008253515ee63f75031acb2749c6fcccb39c26d82f29d87	source-identical
geometry-lab/probes/stage4a/receipts/repair/recheck/recheck-stdout.log	390	5f47b623b7af5aebc890ba303c20b315ecde6cbe8fe388e56deb5ac7433dddfb	source-identical
geometry-lab/probes/stage4a/receipts/repair/recheck/recheck.json	1772	5eab6bdf396c20d9f4cfec25c275aabac01745493dc74c74e3b281f0d90f260a	source-identical
geometry-lab/probes/stage4a/receipts/repair/red-repair-tests-maintained-env.log	1809	dc556fe53f227c8279b49f4509fbf21ada82376b9781b4d9fefd0838c3c26480	derivative
geometry-lab/probes/stage4a/receipts/repair/red-review-at-commit-57.log	15192	04d5a4f22a6d091a9a3d7dccb32a2e5726b88c30f59e0c0db5d4102e69925dfb	derivative
geometry-lab/probes/stage4a/receipts/repair/red-review-env-tests.log	53796	4ddf8e7b63f2c7c6ae56db6d4283ede9a3ea2bdcb0435c2381646f6dd37b814a	derivative
geometry-lab/probes/stage4a/receipts/repair/repair-tests-a01-a02.log	4289	e31ad61d4a76a2c1bedc777d724c7fb63c592799b3d8c319d2ae0a07dd11a22c	source-identical
geometry-lab/probes/stage4a/receipts/repair/results/MANIFEST.json	693	9488e7ebeb29aa2ad747c3ac816740bab6ef5b6a0c98818ed990d82060b54a15	source-identical
geometry-lab/probes/stage4a/receipts/repair/results/historical-reference.json	3447	7e28b1b3df4a756a0211cfe41bb29155d3c9fca5e219ba0219a2df193a72cac1	source-identical
geometry-lab/probes/stage4a/receipts/repair/results/l4-hypotheses.json	921	72a0887e397ac2dd7d0680bdc867a0fbcf7c62e768cb8f6b30416a89c1ff5023	source-identical
geometry-lab/probes/stage4a/receipts/repair/results/recheck-bundle.json	932710	6445abae2e70ca36e2766ca86710661762a124781c8c60c525730226963fe792	source-identical
geometry-lab/probes/stage4a/receipts/repair/results/scan-certificates.json	719278	da9b96f1c8892ebf5575b4e1790c711d0ac0da7591ca5576a944707d9299be81	source-identical
geometry-lab/probes/stage4a/receipts/repair/results/scan-summary.json	4704	7da5b78a4572b6da3208079d764754466a65b7ff827499dce6ddfd909b625301	source-identical
geometry-lab/probes/stage4a/receipts/repair/results/square-prism.json	3145	27710d102a87a22ce5d5e08faf646400868996096e76ddbbf0009c853f156015	source-identical
geometry-lab/probes/stage4a/receipts/repair/results/targets.json	6625	97150a457c65c59cf9988f9deb74941070500feef9e43451176e8e02233d15f4	source-identical
geometry-lab/probes/stage4a/receipts/repair/results/timing.json	530	795b07caa890f2f9abe590b98e2806dac4c48b63a81037ebd87bc636cde8fcf5	source-identical
geometry-lab/probes/stage4a/receipts/repair/review-env-tests.log	22187	555f5da3e7c30775b87ce64d554cbe3d38dd8d95d6b5523c1d884525b0de4057	source-identical
geometry-lab/probes/stage4a/receipts/repair/review-environment.json	2794	4ecbd55af5df4ba19c4918e160c15a7e3a56a0e8df09d4d6f3e8f55511b74ff9	source-identical
geometry-lab/probes/stage4a/receipts/repair/review-verbatim-after-repair.log	5616	a5a722e1e6d9bbdf4efdbac902510019697ed6dc45b3a1aab0672c8c630b8bb9	derivative
geometry-lab/probes/stage4a/receipts/repair/run-probe-stdout.log	758	cf936940a781b8a020cedaeddede5d4bc7b3832b9774bf4f95ba379107083d32	source-identical
geometry-lab/probes/stage4a/receipts/repair/targets-after-repair.log	1002	3fbf47ff782e7df2347772d84814ffaea51439a840757b0404d01e3ed6e01c9d	source-identical
geometry-lab/probes/stage4a/receipts/results/MANIFEST.json	693	8d287d3c294bd6f11ff70e223807e6c992fbd33faa91a8d0148bfb609e837ae8	source-identical
geometry-lab/probes/stage4a/receipts/results/historical-reference.json	3447	7e28b1b3df4a756a0211cfe41bb29155d3c9fca5e219ba0219a2df193a72cac1	source-identical
geometry-lab/probes/stage4a/receipts/results/l4-hypotheses.json	921	72a0887e397ac2dd7d0680bdc867a0fbcf7c62e768cb8f6b30416a89c1ff5023	source-identical
geometry-lab/probes/stage4a/receipts/results/recheck-bundle.json	802231	36bec6b0b60557f1f2cefe11819f8198e64c99e93866f009111d7db78d0797c5	source-identical
geometry-lab/probes/stage4a/receipts/results/scan-certificates.json	671187	f5cca141c78f9fbe296438ca5a704bda521aec646a828a129eb8d9cafdccb740	source-identical
geometry-lab/probes/stage4a/receipts/results/scan-summary.json	4704	b27544027a0e4b366de02a09a9a6646d7bd1975e5289129f7aa35ca5646000fd	source-identical
geometry-lab/probes/stage4a/receipts/results/square-prism.json	3145	60e18ff13ce089c56181478e21a61c98f6e7a1ab4d4d5814648bbd13e79d8e95	source-identical
geometry-lab/probes/stage4a/receipts/results/targets.json	6625	97150a457c65c59cf9988f9deb74941070500feef9e43451176e8e02233d15f4	source-identical
geometry-lab/probes/stage4a/receipts/results/timing.json	535	14757a26a62b3cd6397db86653b3bcb577105adcaddadf6bf5f1a0a4348e5150	source-identical
geometry-lab/probes/stage4a/receipts/run-probe-stdout.log	758	cf936940a781b8a020cedaeddede5d4bc7b3832b9774bf4f95ba379107083d32	source-identical
geometry-lab/probes/stage4a/receipts/targets-final.log	1001	8aa180c69e64e614095c6696d077c1de7a944f3e08a1974172eb147a06513c86	source-identical
geometry-lab/probes/stage4a/receipts/targets-first-run.log	1571	5bb66c91a3afdd7d04220308a52b8d0b5cb5e34fc4d050381e045f66ca38e957	source-identical
geometry-lab/probes/stage4a/recheck_controls.py	2640	fb567cd2fe03530f7ab70a59aa7cf4e2d01578b1ad8abcc25ed4a28d8630d0a4	source-identical
geometry-lab/probes/stage4a/recheck_mpmath.py	33327	a71894bfee89d5e4eb46743b6520b016c4b61643e76f786fa94a9926c4757336	derivative
geometry-lab/probes/stage4a/review-cases/stage4a-review/test_stage4a_review.py	7103	8333fcfa5ce008e4d23954eb2f016a48ad69661f7d55316d288b6f508f88f66a	derivative
geometry-lab/probes/stage4a/run_probe.py	13165	4a316abd4ac1c1626c49b0330d4ae078c8c6e6536df9bfa5bd96473a9c910cd7	source-identical
geometry-lab/probes/stage4a/specimens.py	4360	7c7b6f1dc9de3dbdb6f7d8b0ff77d07cae2273c10316cb1f38675f0829483b37	derivative
geometry-lab/probes/stage4a/tests/controls/test_c1_c3_arithmetic.py	4917	4024c69fa13bf544f54aa8152952f870133c246c96c0058e21e139c8151e577f	source-identical
geometry-lab/probes/stage4a/tests/controls/test_c4_c6_c7_specimens.py	9267	3a83661bfb1c6b961dc9feb7691433f4ba6bd0963d14f3284a25a62ae610c3c8	source-identical
geometry-lab/probes/stage4a/tests/controls/test_c5_synthetic_pairs.py	2608	679032b94af6b4fcc2d6346df93a57eceeabad4fd3b79e338f171f521f18f476	source-identical
geometry-lab/probes/stage4a/tests/repair/test_a01_domain.py	6314	c1209947753ed824f8c5440b78e86d1cb3ce3fdbd59fb6e62736aeab54dec357	source-identical
geometry-lab/probes/stage4a/tests/repair/test_a02_binding.py	7244	5bd69fb152c60ea7685436ddbf10fa3ea5345b7383694d3106313cfd721eceba	source-identical
geometry-lab/probes/stage4a/tests/review_env/conftest.py	409	a63784bc740329b06cfb369caf347b93052aa43707a55bd5f50db0bc02504e30	source-identical
geometry-lab/probes/stage4a/tests/review_env/make_review_stage4a_adapted.py	2078	452caaa34007bcecc11a84e907227a5243736cd199bc6a97c26c5077c900322e	derivative
geometry-lab/probes/stage4a/tests/review_env/test_a03_recheck_contract.py	9010	211d92edcba41616083b0e97386694b88e0e9022e4c66862887fd653edb3016a	source-identical
geometry-lab/probes/stage4a/tests/review_env/test_r01_r02_recheck.py	9254	dab3a68d94fd022a2a260b059e78ad5465a59de1f58c829bc5f433ae34e32b46	source-identical
geometry-lab/probes/stage4a/tests/review_env/test_review_stage4a_adapted.py	7334	48375cf8c6cc0848d50e86d51e0d7bdd551c51afa95357ac16f210e6270d19bc	derivative
geometry-lab/probes/stage4a/tests/targets/test_targets.py	2848	3767e4e2661fab9e15102d9283b79a58752f1768570ec8db98b4b92f3808cc36	source-identical
geometry-lab/pyproject.toml	467	ca6c97839c8833c9e2971c00bb68f2c1dd2ae5b6f084b035f451aec273b425e5	source-identical
geometry-lab/receipts/c01/green.log	15337	c9a9d14a21a005adafa3a24caa8e4328f44b58a8a143aa99cb618cc08be8c6c0	derivative
geometry-lab/receipts/c01/red-at-commit-30.log	3099	1f36e6d7ef03d6fa74cff0ae226dad5e95ee8e8e8297c33d1f09df30bb89dc12	derivative
geometry-lab/receipts/c01/review-verbatim.log	626	24907efc8e80bb41ce0f400d0c3e4eb47da773d6adc197cf97b424158a704497	derivative
geometry-lab/receipts/demo-stdout.log	383	5139e80a3fb28339a25af591a34d90856005cc04dde553c6bb9edf8ba5e6f892	source-identical
geometry-lab/receipts/demo/MANIFEST.json	291	9e53d6a17e5d4de52a132930ffeea4e51105e04ce96b7da8e86920be9c08c650	source-identical
geometry-lab/receipts/demo/demo.report.json	1937	d92db319102e89adee1ba411655406cbd6dea5bdb6a338a74834590bf31f4a0e	source-identical
geometry-lab/receipts/demo/demo.run.json	3798	3bde67ff771973aa081c5c3708060e67148939f00722bd1636f7ba9aaa31c20a	source-identical
geometry-lab/receipts/demo/retained-digest.txt	72	84bbfdab6703c84fd48548125cefc4fb621df9313cc7834586bbfa7138869754	source-identical
geometry-lab/receipts/environment.json	543	e03eff32d5ef2ea20f7f31bb4fa00db5ed81b3ee98e6d13de315e2c004b40d5a	source-identical
geometry-lab/receipts/export-1.1-rc1/README.md	2322	11eead37ba93098877969a01a787e7b0c66f288a2174cd516125c7fb2eeca0cc	package
geometry-lab/receipts/export-1.1-rc1/comparison-with-historical.json	8962	6093d5483a8333d4c2f19762c06427bd25a8f2b83a56b99097fc94edb65c7494	package
geometry-lab/receipts/export-1.1-rc1/e11-recheck-mpmath.json	4105	094f678141c15e628145077733753b5f00265562d9b3fa240b738352fa68cb83	package
geometry-lab/receipts/export-1.1-rc1/stage4b-results/MANIFEST.json	713	40874022d71b5068b590aa3c47b85ea4b286379051b9c3923a6422e6340cb7bd	package
geometry-lab/receipts/export-1.1-rc1/stage4b-results/e11-historical-comparison.json	1709	dd4b551f88e7ac7fbe98499be1dae8bb44e018c78f4eb5dc3bec9663728dd4fb	package
geometry-lab/receipts/export-1.1-rc1/stage4b-results/e11-ideal-run.json	952879	08c7433a37af59fb4715b2f4d75a96fb41681392d3cd2e57f01eeccdaef4c9a7	package
geometry-lab/receipts/export-1.1-rc1/stage4b-results/e11-ideal-search.json	161093	e553f5d2dfab836086aad38b6656a61138c8c624c16165523028fb353af34229	package
geometry-lab/receipts/export-1.1-rc1/stage4b-results/e11-ideal-summary.json	13501	74292f053aef32089b2acfa0571160f5aa85570fa14d5c22d4e93529e9e02b1a	package
geometry-lab/receipts/export-1.1-rc1/stage4b-results/e11-port-equivalence.json	5516	0486c51b700fa88e3b30c9dc425d8a7a50dcdec8c2e91c6c9f3ee41d8d515833	package
geometry-lab/receipts/export-1.1-rc1/stage4b-results/e11-recheck-bundle.json	1396773	50cab9ae6c0a5dbc4ae8c0fda79855b93d5b97e181c8409428b466353993d0ba	package
geometry-lab/receipts/export-1.1-rc1/stage4b-results/prisms.json	6807	5c8a03822e84c3b8861e7579722f47da11d2be238e371e3d40f0579017529b66	package
geometry-lab/receipts/export-1.1-rc1/stage4b-results/timing.json	87	992ae2de535c78f37f09826598578f4c4931ca238886652481688c763d8e88af	package
geometry-lab/receipts/export-1.1/README.md	2840	0f91732fb83f965a96b70b81ad7b25a63ba44c57b1d367c5fea223ae8e666fa9	package
geometry-lab/receipts/export-1.1/comparison-with-historical.json	9051	2c241e5b2fe8f69c16d556196bad44a5fc1dad86b56f7c650ee05cedfc6acd59	package
geometry-lab/receipts/export-1.1/e11-recheck-mpmath.json	4105	094f678141c15e628145077733753b5f00265562d9b3fa240b738352fa68cb83	package
geometry-lab/receipts/export-1.1/stage4b-results/MANIFEST.json	713	3341588b672a47b1bb18c15e2dd708836bb8d35543ec1dd465fc01c9c50171c6	package
geometry-lab/receipts/export-1.1/stage4b-results/e11-historical-comparison.json	1709	dd4b551f88e7ac7fbe98499be1dae8bb44e018c78f4eb5dc3bec9663728dd4fb	package
geometry-lab/receipts/export-1.1/stage4b-results/e11-ideal-run.json	952879	f1d5077309deebf7f117b4e0d39e2c87c52137831a9d4c544c19d8c1cff97d6c	package
geometry-lab/receipts/export-1.1/stage4b-results/e11-ideal-search.json	161093	258d0237a5a600181924cef35e433c38d5439718eccd5fc33b59c4d179826699	package
geometry-lab/receipts/export-1.1/stage4b-results/e11-ideal-summary.json	13501	f7129e3c8fcb679547c06b0d77018845d101265e23a157476ba9c8928a981067	package
geometry-lab/receipts/export-1.1/stage4b-results/e11-port-equivalence.json	5516	0486c51b700fa88e3b30c9dc425d8a7a50dcdec8c2e91c6c9f3ee41d8d515833	package
geometry-lab/receipts/export-1.1/stage4b-results/e11-recheck-bundle.json	1396773	652fb915d1dca70fbe93fdb7d11a1831fa7d5246287221fca33fc5ea2c49626e	package
geometry-lab/receipts/export-1.1/stage4b-results/prisms.json	6807	5c8a03822e84c3b8861e7579722f47da11d2be238e371e3d40f0579017529b66	package
geometry-lab/receipts/export-1.1/stage4b-results/timing.json	86	c5cf2ca47c10fbbc3d66985ce32102f64601b1ec7b12293ae0544052c2407790	package
geometry-lab/receipts/repair/demo-run2-stdout.log	1246	c756e39bbd134e7326793faa820501593a51f7a4848527ea0857a0484b5703c4	source-identical
geometry-lab/receipts/repair/demo-stdout.log	1246	c756e39bbd134e7326793faa820501593a51f7a4848527ea0857a0484b5703c4	source-identical
geometry-lab/receipts/repair/demo/MANIFEST.json	394	c7f0eccff13d3fd10bd713da8ca9ee750862fef9ec3f3c27480d9978303bc2b2	source-identical
geometry-lab/receipts/repair/demo/demo.report.json	4565	c570d4a992c59313b62e9ee32b9f675002277b077dcc93deca619f571ed10010	source-identical
geometry-lab/receipts/repair/demo/demo.run.json	7417	99a67fb8d92051530ee958c376412ca2ded76b9f6668735c6e2ebdfaf8c38952	source-identical
geometry-lab/receipts/repair/demo/forged-rewrite.run.json	7417	f011601c1e0e303a236131d75af43892f9ae30e43d581f5089060803fe5d98d0	source-identical
geometry-lab/receipts/repair/demo/retained-digest.txt	72	9d9d816082bbb0e45bc23753738411cc843367de271f1d992934de0a1b52bc84	source-identical
geometry-lab/receipts/repair/environment.json	309	91b63a5974cee9a6894853bc397bb2e0ca0a0248c7672b69962c3619a242cf21	source-identical
geometry-lab/receipts/repair/final-tests.log	14401	16d13f64a7b4f64e24238648c93bcdbbef2eab7faf6df99eacc840744d35bb5c	derivative
geometry-lab/receipts/repair/green-after-repair.log	14401	9b0ef6f6dccf11fa3ae8132267dd0dda9e11f749b98a474bd1d53b8dca2cbb0b	derivative
geometry-lab/receipts/repair/red-at-commit-26.log	9779	29ac8f187b6beaf583a99c204540f07f58e4038e960f141e2592a7de1ff8d2f5	derivative
geometry-lab/receipts/repair/review-verbatim-after-repair.log	2220	993f63bf85ee3e278298469bbb28768d230d85af6ddc2b0a6c131edac386af12	derivative
geometry-lab/receipts/repair/review-verbatim-final.log	2220	c066ae9a4dbe4680137d928623ab32cd32795eaf2c94da9dea64770e1db3dd62	derivative
geometry-lab/receipts/stage1-final.log	10822	017ebdd36cc75a567cb909f24b56edb57d79a4990ad7fba8090a55176613c704	derivative
geometry-lab/receipts/stage2-repair/core-context-green.log	17638	ee5e12b2ba81b0656f1c0a4ca583b2aab6a92d01e2fdba3bc49a85585aab4c7d	derivative
geometry-lab/receipts/stage2-repair/demo-run2-stdout.log	1319	4d4ff89eb3ab532751a688db25ae0d8f98720cf5389ccea2bba1c6934ab7464d	source-identical
geometry-lab/receipts/stage2-repair/demo-stdout.log	1319	4d4ff89eb3ab532751a688db25ae0d8f98720cf5389ccea2bba1c6934ab7464d	source-identical
geometry-lab/receipts/stage2-repair/demo/MANIFEST.json	297	65bf77f6b994128194b3c126c77db11cbd3aeaadd7f75d684b1a5d5482ef38af	source-identical
geometry-lab/receipts/stage2-repair/demo/retained-digest.txt	72	4f0fa84723af422d8ad6c4c2819032690d30cb5677a27b6e858f6c9a74336a0d	source-identical
geometry-lab/receipts/stage2-repair/demo/two_rim.report.json	8421	18f54a3cc1a0f4cd05cea167d0ef5d3430e46dbc9ce789b0312238025292c9d0	source-identical
geometry-lab/receipts/stage2-repair/demo/two_rim.run.json	63057	c09d653a377b308dfa4f3982f0e98236da1ab0cf8fed5ec3193f2ccfabc08938	source-identical
geometry-lab/receipts/stage2-repair/environment.json	550	07f00f4ef3f06befd666bea1a050379bb40e0715340849e5f48890d64e72ddd3	source-identical
geometry-lab/receipts/stage2-repair/final-all-tests.log	29995	616746254d2a8933b01f67e66a0f9e59653ad5619057d82b1221d5f4bfc30232	derivative
geometry-lab/receipts/stage2-repair/random-200-v2.json	329119	e015d2e41af12419434f74941ad4fd9c41abb3efbd608fe6ef45862055852993	source-identical
geometry-lab/receipts/stage2-repair/red-at-commit-37.log	5955	2a36be830fb56c9b9c75ca3f9bcb2647630e8d0a7099ed25448d3e45284887fc	derivative
geometry-lab/receipts/stage2-repair/review-verbatim-red-at-commit-37.log	10484	7ecda72d6bce27289acc7e42b071974af241295db05eafa0e0675804d7dd5f34	derivative
geometry-lab/receipts/stage2-repair/review-verbatim-stage1-repair-review.log	626	896a9fed7fc4f6e7e6f95061324856a2ed87ed7bf79c67efcbd4641af063532d	derivative
geometry-lab/receipts/stage2-repair/review-verbatim-stage1-review.log	2508	adb3da5e9f09faf471403171f4007d4a26721c25fa942e7f0169deec455c9a05	derivative
geometry-lab/receipts/stage2-repair/review-verbatim-stage2-review.log	33855	637c5bdaf5090366d67663b6dd4bb4fab61a1de7cc3cfbf23eeaff0caa11cf0c	derivative
geometry-lab/receipts/stage2/demo-run2-stdout.log	965	62e7600c679bd5d13053330a6a8b5449c1e6e1b0756ba4f8652b79bf9b500e36	source-identical
geometry-lab/receipts/stage2/demo-stdout.log	965	62e7600c679bd5d13053330a6a8b5449c1e6e1b0756ba4f8652b79bf9b500e36	source-identical
geometry-lab/receipts/stage2/demo/MANIFEST.json	297	3420eaa263ea17d21e0517da6c9a5b1dd674c6331ade9d5b58ed50b598cc8fcf	source-identical
geometry-lab/receipts/stage2/demo/retained-digest.txt	72	697a58611abe2314c72579a7db7713915479d7668806335ab7aa3da37a5f1b67	source-identical
geometry-lab/receipts/stage2/demo/two_rim.report.json	7784	8eea193d6b9faf114f2c5b70937685f6278e1b25b4318d0f4f97e1996ce16b3d	source-identical
geometry-lab/receipts/stage2/demo/two_rim.run.json	45909	7c63fdebbe78eb6f6a3e1a45ecb4187f494905c468e48f95a9659a8ad3a58cf1	source-identical
geometry-lab/receipts/stage2/environment.json	522	fa21eb9e0e4d0670a539f848af0b4762dd4cae04ca5b510a35ae42bf6f2f32ea	source-identical
geometry-lab/receipts/stage2/final-all-tests.log	23296	e09774f92d388e72c741954c8ce100b5a49175a1b80db6b4c81fe98245086a48	derivative
geometry-lab/receipts/stage2/random-200.json	292543	4dfe7bd5448bccf31da7ab591ffec86a64ac5a908f6e93e764dcb9587f9854ea	source-identical
geometry-lab/receipts/stage2/review-cases-verbatim.log	2789	eafd1d9f746d3c3c67acadfc0e02a2e8ffe083f33df0cb14dffeca8391038089	derivative
geometry-lab/receipts/stage2/task1-core-green.log	16718	7f4345e5868a0ba9a9d7a6da8597d78ab3d662beda4424428b6cad5b5d4217f5	derivative
geometry-lab/receipts/stage2/task1-param-list-red.log	491	fea8391d658c8308421fe47ba4a50111e9724e69d1be81a88bdbf67de9da4326	source-identical
geometry-lab/receipts/stage2/task2-source-green.log	2942	35009c2d64258705ea15654bb53d6814849b6f1c7e26fbc740e172e8ae3ef474	derivative
geometry-lab/receipts/stage2/task2-source-red.log	959	e32b7c9d40543f59d7812ed30473ddd550df50fd4237ec71161fd919c311e70f	derivative
geometry-lab/receipts/stage2/task3-checker-first-run.log	1591	925ff46ff3bed8c71aafe4a6691422c7f233412c225f3f109c4c8c0c8964b0ab	source-identical
geometry-lab/receipts/stage2/task3-golden-first-run.log	101	474dbdfc649599e484db267af682125c5e5595cb6454f99a721387d92aa9a64f	source-identical
geometry-lab/receipts/stage2/task3-green.log	6066	b8826f6ec269f2281dab6e5a67cd19df230f5aa4b102f633390d0919de93dc18	derivative
geometry-lab/receipts/stage2/task3-material-first-run.log	968	751f966b163d83de8e32bb134f7859245feb9e10506c18caf555d2b36106b252	derivative
geometry-lab/receipts/stage2/task3-material-only-first-run.log	101	b321e9024e2164c2f4f25161b913e3a53d79d7f532336db2ab7493430eb681a3	source-identical
geometry-lab/receipts/stage2/task4-red.log	947	bd0285f32d0a42c0a1a03ca21c67712d3502c7b31043101b1b696e3d565d3328	derivative
geometry-lab/receipts/stage3-repair/demo-run2-stdout.log	3993	9f3ea0b41a48f9e8b1f12664b634495ceb20e7792d6d94c6c3de9e71c6b605ba	source-identical
geometry-lab/receipts/stage3-repair/demo-stdout.log	3993	9f3ea0b41a48f9e8b1f12664b634495ceb20e7792d6d94c6c3de9e71c6b605ba	source-identical
geometry-lab/receipts/stage3-repair/demo/E11-cut6-trimmed-band.obj	474	beb9cf76de4df726c7efc0571834138563b45e6436bfeee3a0052ad1e37b8c99	source-identical
geometry-lab/receipts/stage3-repair/demo/E11-cut6-trimmed-planar.obj	2754	81c532ba1cd5d446f685c264d895fb6aadde2515f863b63f843fb0424e2b8417	source-identical
geometry-lab/receipts/stage3-repair/demo/E11-cut6-trimmed.svg	10422	47bee86e8976bcdb3b2a45d1a68e7939bbf818689a18ee2b25006ff71c8d7b90	source-identical
geometry-lab/receipts/stage3-repair/demo/MANIFEST.json	1008	8f015b425c3e8d3aa0d3279f9158b778edd1bb0d30e756a7015dcd12e2571947	source-identical
geometry-lab/receipts/stage3-repair/demo/demo.report.json	7997	40400ee32076b4a2691ff90708a2231566d2b3f6379fedfab95703f8240bc7d7	source-identical
geometry-lab/receipts/stage3-repair/demo/eleven-panel-comparison.json	5795	6b5dae7589f108f3a1af1222090ad79b9e5e9335cb597cf027e70050603773bc	source-identical
geometry-lab/receipts/stage3-repair/demo/retained-digest.txt	72	86d81eacd172684680d4908d82316be9b95acf2151d193037d8ac1d461129d8b	source-identical
geometry-lab/receipts/stage3-repair/demo/search-E11.json	12033	b08366f012ed0f91d8dabcaa307c06be94303cff032ce6d0e97aba8e3ed9e530	source-identical
geometry-lab/receipts/stage3-repair/demo/search-F2.json	8210	e0af46ec2f3f88ef34cd4922fba169313a534a6fae8043c8a3c4521a664478a6	source-identical
geometry-lab/receipts/stage3-repair/demo/stage3.run.json	1190016	1f580344eadf11cb68fe7c4efe371249342653c440e4acbc2abb8add6ad73646	source-identical
geometry-lab/receipts/stage3-repair/demo/view-E11-cut6-trimmed.json	10940	4aa74f35d1f02f4f64f4830ca57573f2ee44e390b41a09ea13c047b7fa2ef68d	source-identical
geometry-lab/receipts/stage3-repair/development-golden.json	672	8be509725e800093245a4e50a975e6a6c9195b15405fe56ce155a78d928ce357	source-identical
geometry-lab/receipts/stage3-repair/earlier-review-cases.log	117	63056817ea4a40ad340a5ff22b252e38a9a8c528fccc159b8452d974a6507e78	derivative
geometry-lab/receipts/stage3-repair/environment.json	1791	4f2cf01f4c4a8d4e0e67b1d9a327c50ca54919ff19a9a551076375786ff47ad9	derivative
geometry-lab/receipts/stage3-repair/final-all-tests.log	508	87991e31d743e8e91dff13d6ca58591b0bfd0339e98e437ee2a0f887bfe64ff3	source-identical
geometry-lab/receipts/stage3-repair/red-review-cases-at-commit-47.log	10263	57c35bc39a14d2be1eb4bf884d63bd7441e7c7628150f576cea2f0f8aec5799f	derivative
geometry-lab/receipts/stage3-repair/red-tests-first.log	145581	49624c44456786f1bad18f1e6089892d57680e032478412dd4d09bb5a4ce4c92	derivative
geometry-lab/receipts/stage3-repair/review-stage3-adapted.log	1563	74e02b8748bc7ad27de0137dfeda3a33ff86e681ea79d9a5b2db9ea313b895ea	source-identical
geometry-lab/receipts/stage3-repair/review-stage3-verbatim.log	20308	983e866fe260a01c51a2d7fbc9c6208d0f53410885748176128fe29ee7d39e7d	derivative
geometry-lab/receipts/stage3/demo-run2-stdout.log	2817	b812dcd9835e2c122726f2315f5274def7f52ba2168eabc04fe3c2430901df5e	source-identical
geometry-lab/receipts/stage3/demo-stdout.log	2817	b812dcd9835e2c122726f2315f5274def7f52ba2168eabc04fe3c2430901df5e	source-identical
geometry-lab/receipts/stage3/demo/E11-cut6-trimmed-band.obj	474	beb9cf76de4df726c7efc0571834138563b45e6436bfeee3a0052ad1e37b8c99	source-identical
geometry-lab/receipts/stage3/demo/E11-cut6-trimmed-planar.obj	2754	81c532ba1cd5d446f685c264d895fb6aadde2515f863b63f843fb0424e2b8417	source-identical
geometry-lab/receipts/stage3/demo/E11-cut6-trimmed.svg	10266	7582470c8eff3a8406e0f1d66e070254d3b94e90af2fa7fef03045a1991549b0	source-identical
geometry-lab/receipts/stage3/demo/MANIFEST.json	1008	9f68ea59e1a836caaeab403f16de0b70a80977f5fd7405d96de71b495d8069cb	source-identical
geometry-lab/receipts/stage3/demo/demo.report.json	5061	bfa77906c242cc42430dee0f3e38cbdc610b5991f2c7baee116f456580ec777d	source-identical
geometry-lab/receipts/stage3/demo/eleven-panel-comparison.json	4873	aa6fbe5b3182116a4c633425db523af0ba66d8d492dd611bb640c27568408af7	source-identical
geometry-lab/receipts/stage3/demo/retained-digest.txt	72	accdfb722b396ac5c41d3b1d5d8a1785de734863894ed0403dc4c6ab3af307b8	source-identical
geometry-lab/receipts/stage3/demo/search-E11.json	5470	1688a8300f641d93c1fc0584aa69dffbaaa5668dce47056bfe888e553b2a08f1	source-identical
geometry-lab/receipts/stage3/demo/search-F2.json	2193	2383b2251358d0f943c7d701a9802f954b07be29064753942438a875a4ed94bb	source-identical
geometry-lab/receipts/stage3/demo/stage3.run.json	981222	a1908c6e232919e81f49204002322e8c7cebc96a7d7ef46bd6046877160cd675	source-identical
geometry-lab/receipts/stage3/demo/view-E11-cut6-trimmed.json	10876	860634f7d61ea44c4560723dab73960069edde27ecaa16405453819bf079fa2a	source-identical
geometry-lab/receipts/stage3/development-golden.json	672	8be509725e800093245a4e50a975e6a6c9195b15405fe56ce155a78d928ce357	source-identical
geometry-lab/receipts/stage3/environment.json	867	aed8b4a95e55402af0fc9b6b4b8446eea93e29b0ebc8ac80d0564dc05e829b40	source-identical
geometry-lab/receipts/stage3/final-all-tests.log	426	8033fde3e1a9d6e4a9bcfc4e19e40b0866b0fcb3ccede257278c3afaec426a04	source-identical
geometry-lab/receipts/stage3/first-run-after-implementation.log	2289	c453570f3bf32f0604b908b175d5ab45b732119e0786d5ea1a330f3acc954f24	derivative
geometry-lab/receipts/stage3/red-at-commit-42.log	699	e82b4446f64e05ea199e9962a90e9b7da66558d59b3458d0b99f91d56e252c76	derivative
geometry-lab/receipts/stage4b-repair/environment-record-audit.json	2254	ad662c9a52267f64c3462b16309130904e8c830cdf3e9de5c3f901b256223922	source-identical
geometry-lab/receipts/stage4b-repair/green-all-tests.log	762	1d79ba77cfd46de31d515e755d97b0ac8cc82b93ea91b7df84f3fd1ebbffcd2c	source-identical
geometry-lab/receipts/stage4b-repair/green-inherited-suite.log	508	10ca980d86617bab4c318961980752944638b053271be21232a7ace3be2c0437	source-identical
geometry-lab/receipts/stage4b-repair/green-new-maintained.log	596	3115cb1aa6a08da83e228115ab72668ce5e778e838c1f3bc09749c9c98f49e44	source-identical
geometry-lab/receipts/stage4b-repair/green-original-47.log	101	31837d5ab3365980f1e455bdda76e491bd97d9fd7846776c5d887a1ea6c3c399	source-identical
geometry-lab/receipts/stage4b-repair/green-portable-recheck.log	102	8016e519423f78abf0c6b9b9a06fa807893bb52ffdf8420439ead3e3f51f3d90	source-identical
geometry-lab/receipts/stage4b-repair/green-prototype-controls.log	182	4771bd27797972c38f37c59edd16d7a40d977953c4e81274fc480948506447a5	source-identical
geometry-lab/receipts/stage4b-repair/green-prototype-repair.log	101	21144c9ce43a487e15cef634140112c10497deae39aff6a24b7dd80962c64c95	source-identical
geometry-lab/receipts/stage4b-repair/green-prototype-review-env.log	101	7055b807feedcf47f783d80406e1916ce8b921db1f9e16121edfc0273b8732f6	source-identical
geometry-lab/receipts/stage4b-repair/green-prototype-targets.log	100	f8ec27ca691f88e443f13d6b4e95913f11fe765e3b8f65deb0c5472104144288	source-identical
geometry-lab/receipts/stage4b-repair/green-system-review.log	6679	c231eba5a5ba44c8121419417411daf048e817b1ecfe1b27ef7be39a343dbb03	derivative
geometry-lab/receipts/stage4b-repair/recheck/e11-recheck-report.json	4105	9cdc2e94f8cfd321dc1eb3956cf437e788c86013c403e9a216c5839c5b9758c5	source-identical
geometry-lab/receipts/stage4b-repair/recheck/e11-recheck-stdout.log	478	e4984475029eb982f34cac7b55265ca7212aad6077cfa91bdd9bf74a3fd70a65	source-identical
geometry-lab/receipts/stage4b-repair/red-repair-tests.log	25122	288923173fc68c2c9ad5db5c39c2695622ab29907bcbb54338261f1e203553d9	derivative
geometry-lab/receipts/stage4b-repair/red-system-review-at-commit-79.log	15806	ed5f587e892a3dc074f5e473806f8980531e420efd3a022815d14e5f4361d587	derivative
geometry-lab/receipts/stage4b-repair/replay-e11-run.log	115	2f44174b62ceea89294afb5897cb0e90c85937775c952b5c0459fabb9cece94f	source-identical
geometry-lab/receipts/stage4b-repair/results-stdout.log	397	a69471ec62e7efc82033c3cc9958b3289064dd0f14289fd7dc0844124618147a	source-identical
geometry-lab/receipts/stage4b-repair/results-vs-stage4b.log	434	2e53f6153901b84249e9880693d37a78c2cf0084b44c4cc84be8c909db9057bd	source-identical
geometry-lab/receipts/stage4b-repair/results/MANIFEST.json	713	eddaae0daa03488427e618538a55aa6ac01fcd6d8db84f0d819aa167ca777a78	source-identical
geometry-lab/receipts/stage4b-repair/results/e11-historical-comparison.json	1709	dd4b551f88e7ac7fbe98499be1dae8bb44e018c78f4eb5dc3bec9663728dd4fb	source-identical
geometry-lab/receipts/stage4b-repair/results/e11-ideal-run.json	952879	6e198ee24e903a87f7ba169c62795980f291c8981ecb996711722b9073ddc247	source-identical
geometry-lab/receipts/stage4b-repair/results/e11-ideal-search.json	161093	11ad0b115895809da8ee4f7ccbe668e15d21893881aee7dd0aa45af522afd6e1	source-identical
geometry-lab/receipts/stage4b-repair/results/e11-ideal-summary.json	13501	89fe1338d105c98f78a5b43e006e0c4b1fb2c1af2c44e9143ed42060ee9e8740	source-identical
geometry-lab/receipts/stage4b-repair/results/e11-port-equivalence.json	5516	0486c51b700fa88e3b30c9dc425d8a7a50dcdec8c2e91c6c9f3ee41d8d515833	source-identical
geometry-lab/receipts/stage4b-repair/results/e11-recheck-bundle.json	1396773	0fa1c48ea8796d0ed7bb93f61a5b4b3c868802ab9b860217dab0f740517782db	source-identical
geometry-lab/receipts/stage4b-repair/results/prisms.json	6807	5c8a03822e84c3b8861e7579722f47da11d2be238e371e3d40f0579017529b66	source-identical
geometry-lab/receipts/stage4b-repair/results/timing.json	88	0921f1a3ecf3c1f9879133eeee6501898f012b52a07c913fbb4283530c74a186	source-identical
geometry-lab/receipts/stage4b/environment.json	3704	af52f7b06990788fba4937f83b0d734c5576c3bf321980f53ec3fb4c5c0df21e	derivative
geometry-lab/receipts/stage4b/final-all-tests.log	762	89b2623318407e7196198687ce7159f4acb87c487d106d048baae4a2ac1372cc	source-identical
geometry-lab/receipts/stage4b/final-inherited-suite.log	508	daa61cc72050e9a16bfd59545465c8e79ecf2b72aa76e6e28375ec8263c017a8	source-identical
geometry-lab/receipts/stage4b/final-new-maintained.log	476	0fa143d177b59362140a0ba1225fe8aba1877c73e9e5c8632e6093401d7d723b	source-identical
geometry-lab/receipts/stage4b/final-prototype-a01-a02.log	101	980b15a3c89fd0979377da72db4e72580b4c83abe11dce91413d9c8583c6e278	source-identical
geometry-lab/receipts/stage4b/final-prototype-controls.log	182	a8fbf31d80a82f64ba6aa95261322cec5383686cec6eeafbf0598130a1212b08	source-identical
geometry-lab/receipts/stage4b/final-prototype-targets.log	100	41c626cbaa2773cdae3a0de9982d370929a7b078ee2ce9c0da3d1e5aa59e4bb7	source-identical
geometry-lab/receipts/stage4b/final-review-env-prototype-invocation-error-no-GLAB_ENGINE.log	682	5cf3404f5c2141438cfadcf98774f00b1bd8fe04d5ad40f69ec7ecc4dd41edec	source-identical
geometry-lab/receipts/stage4b/final-review-env-prototype.log	101	84112a1543eae889bccefaaf7034f190f2b543095c3004131e1e698ad9ec6a14	source-identical
geometry-lab/receipts/stage4b/final-review-env-recheck.log	101	6bf79fc75609ea11f7649d2a459a60060a832cae7b5ebfeaa038255b24ab2a8b	source-identical
geometry-lab/receipts/stage4b/final-system-commit-62-acceptance-from-main.log	101	e1f7c328b27b6303d5cdbe0ba5c3e2c645a722e2794011d1ac7d6b76f7d7d5f9	derivative
geometry-lab/receipts/stage4b/final-system-review-and-followup.log	101	e7375a3e97ed121928f85a0ebc2ba2a205fd1c6f3824fb2964d03aec068e6e44	source-identical
geometry-lab/receipts/stage4b/recheck/e11-recheck-report.json	4105	9cdc2e94f8cfd321dc1eb3956cf437e788c86013c403e9a216c5839c5b9758c5	source-identical
geometry-lab/receipts/stage4b/recheck/e11-recheck-stdout.log	470	a6b09240959398728756b4379a9dc2a43d768109fa9da97b34a3f78637860735	source-identical
geometry-lab/receipts/stage4b/replay-e11-run.log	283	c27529a28a660b9909a20097f1126d7fc39aff7c25c7f41fb41a2dc8c2d309af	source-identical
geometry-lab/receipts/stage4b/results-stdout.log	397	a69471ec62e7efc82033c3cc9958b3289064dd0f14289fd7dc0844124618147a	source-identical
geometry-lab/receipts/stage4b/results-twin-comparison.log	436	a832a4fe5b1c556537fc43863bf34e13b78643e22ea415067321b9994955b144	source-identical
geometry-lab/receipts/stage4b/results/MANIFEST.json	713	eddaae0daa03488427e618538a55aa6ac01fcd6d8db84f0d819aa167ca777a78	source-identical
geometry-lab/receipts/stage4b/results/e11-historical-comparison.json	1709	dd4b551f88e7ac7fbe98499be1dae8bb44e018c78f4eb5dc3bec9663728dd4fb	source-identical
geometry-lab/receipts/stage4b/results/e11-ideal-run.json	952879	6e198ee24e903a87f7ba169c62795980f291c8981ecb996711722b9073ddc247	source-identical
geometry-lab/receipts/stage4b/results/e11-ideal-search.json	161093	11ad0b115895809da8ee4f7ccbe668e15d21893881aee7dd0aa45af522afd6e1	source-identical
geometry-lab/receipts/stage4b/results/e11-ideal-summary.json	13501	89fe1338d105c98f78a5b43e006e0c4b1fb2c1af2c44e9143ed42060ee9e8740	source-identical
geometry-lab/receipts/stage4b/results/e11-port-equivalence.json	5516	0486c51b700fa88e3b30c9dc425d8a7a50dcdec8c2e91c6c9f3ee41d8d515833	source-identical
geometry-lab/receipts/stage4b/results/e11-recheck-bundle.json	1396773	0fa1c48ea8796d0ed7bb93f61a5b4b3c868802ab9b860217dab0f740517782db	source-identical
geometry-lab/receipts/stage4b/results/prisms.json	6807	5c8a03822e84c3b8861e7579722f47da11d2be238e371e3d40f0579017529b66	source-identical
geometry-lab/receipts/stage4b/results/timing.json	87	bc8defcc3991284654bff74bbce7dd1cfc870d67dd5e39ec5241ddea5393d0bb	source-identical
geometry-lab/receipts/stage4b/step1-green-ratint.log	182	4f80f14d6dadfaeee78590bff3fb6da3c9c940abb02864992a7a8de1d44fb405	source-identical
geometry-lab/receipts/stage4b/step1-red-ratint.log	985	664963606c068efb3ac3935fa409ec717e846bd8c0286833651862a979ea179c	derivative
geometry-lab/receipts/stage4b/step2-green-lane.log	265	fddcadbe5eaab93d362a431d203ae0d661754b7fd61d41845d9cb7fd5da2b068	source-identical
geometry-lab/receipts/stage4b/step2-red-lane.log	5515	f46e3ffcae319c039f50b6a3bed7262f02c0b4cb91ffd553916e047d5888b5c2	derivative
geometry-lab/receipts/stage4b/step3-green-aggregate.log	265	d0501941fa81f1dcea2383aaff56fe4b8085348cba9efdae351727396572e112	source-identical
geometry-lab/receipts/stage4b/step3-red-aggregate.log	3280	66c600191d752986f77523eb18cb6d82ae71d59f6b633e97b11959b42c4a593d	derivative
geometry-lab/receipts/stage4b/step4-green-recheck.log	101	ba3876b8f742cbcd8d6affd7597c914d489d73e96da89240990e04a8e4a3f184	source-identical
geometry-lab/receipts/stage4b/step4-red-recheck-verbatim.log	83807	b30bcb2b9756fbddf85506290dd07b705f685ec00cfcae1fc2edf9e72d0d9de3	derivative
geometry-lab/receipts/task1-final.log	4526	d07314dcd7a61bc6726f5dbaaed80e12b8c10ca74e616d308f6f20943b4cee6b	derivative
geometry-lab/receipts/task1-initial.log	957	c68b400457ec29c7047baa13f2099f6561bb353ac27238522adcb21774f52e74	derivative
geometry-lab/receipts/task2-final.log	2256	1f92f87d92602ac41e7dea0532ade598ff8187810ccbd0550333cb04a1a2e10e	derivative
geometry-lab/receipts/task2-initial.log	974	08fae46b8778d64ec88558ca516ab73788a57aeaa7b98c4ee931e3182ec14049	derivative
geometry-lab/receipts/task3-final.log	1864	7af816ec6c07ca460312c0be302cdf9ca4e13488043b17ed109724416eda7b29	derivative
geometry-lab/receipts/task3-initial.log	986	5fbc09311f17a00fba4fb28d9f048294d21371498647940878d3d12620319d48	derivative
geometry-lab/receipts/task3-intermediate.log	7712	5fc82a542ba7475ccce7e356600f3256ca93dce51f184c8fed364decdb0cb823	source-identical
geometry-lab/receipts/task4-final.log	3213	bee15543731476ad5f6f8f9628ca7c4af36deb089cfa928101a52901976d9fd5	derivative
geometry-lab/receipts/task4-initial.log	1008	056f56420352b26d1b9069c0afbd75b27570134121aa9b9b3ba8ba5aa8734031	derivative
geometry-lab/review-cases/stage1-repair-review/test_rejection_order.py	1923	da0ff5fd56643358565bc13b0861e5a7e28edc00fd39800199690444ce5ed33f	derivative
geometry-lab/review-cases/stage1-review/test_review_regressions.py	7596	b51ee5addb8188226702e92567dcaa36033211bce53e2644790fab56d73d6661	derivative
geometry-lab/review-cases/stage2-review/test_source_boundary.py	6299	e97e538825008b4436827316f0e95eec2dcf50744a88da977f5bb8866b1ee2a9	derivative
geometry-lab/review-cases/stage3-review/test_stage3_regressions.py	9381	d8888625f5634fc97e2c72b7b876b722acd275ce7e622509d778de86ae342f9f	derivative
geometry-lab/tests/__init__.py	0	e3b0c44298fc1c149afbf4c8996fb92427ae41e4649b934ca495991b7852b855	source-identical
geometry-lab/tests/core/__init__.py	0	e3b0c44298fc1c149afbf4c8996fb92427ae41e4649b934ca495991b7852b855	source-identical
geometry-lab/tests/core/test_c01_controls.py	1917	930a1d97698cc34b1eacb1aa52fc0a2ec1a1a0d88addc0c3ba4f01a0180bd2f2	source-identical
geometry-lab/tests/core/test_dependency_context.py	4709	75d49ff67abe0d49f03fe366c318dccbb533da11bd768620bdb9f4cd1020b7b5	source-identical
geometry-lab/tests/core/test_evidence.py	9741	b0fe9a3dfc7648dc162463c283a536b3c0abf0f5f60de872f643d49f4d62c57f	source-identical
geometry-lab/tests/core/test_import_boundaries.py	1434	283b5334d04ace107a54a56340a37f8b30812f88a48f3685920bb5509682b269	source-identical
geometry-lab/tests/core/test_param_list.py	2405	dc3c65cfddaa7d2939764b381dd9ac68e4aa3ed7675a227fe2e416dd986f5c4a	source-identical
geometry-lab/tests/core/test_records.py	5485	16d11176893b33ff3cb68d744d3a764173bc12e7f40fc576c57705558d90d404	source-identical
geometry-lab/tests/core/test_registry.py	5102	bae9966f355ae88c48499ea08bf401722956eb74dcffece1945dd936317f7a12	source-identical
geometry-lab/tests/core/test_rejection_order_c01.py	1923	da0ff5fd56643358565bc13b0861e5a7e28edc00fd39800199690444ce5ed33f	derivative
geometry-lab/tests/core/test_repairs.py	11357	f8c307eb340fe9d0771de8914cd1358ac880588f7400a674c911c8cf377f1f08	source-identical
geometry-lab/tests/core/test_review_regressions_adapted.py	8102	854cd7955ba5fd86d07d56e041bd5c1982cc4c094b529e217eabd6b4be76341f	derivative
geometry-lab/tests/core/test_runfile.py	10656	c45320a5d5615b317bd8509b0af870d5ba73d0fd73feadf94258d809b422498c	source-identical
geometry-lab/tests/core/toy.py	3867	7ea639014a9ef3ead523e5aee2c0e2e641972f6c1d1b808e4266dd382f538d1e	source-identical
geometry-lab/tests/two_rim/.gitattributes	123	33a1623ce420ee905ca9f3be94b8373465e8a3f78ef4fd7481f50f1bdbed33e8	source-identical
geometry-lab/tests/two_rim/__init__.py	0	e3b0c44298fc1c149afbf4c8996fb92427ae41e4649b934ca495991b7852b855	source-identical
geometry-lab/tests/two_rim/fixtures/F1_translated_square_prism.json	679	3982bc09439c6645b51d16c2d866d6f16d32cdb2d9ec9a21665513ba2ba88c04	derivative
geometry-lab/tests/two_rim/fixtures/F2_nonnested_mixed.json	703	423ef70a20deacabf0afa34f3441502f2efe75e6d8e725d5003d7bc0f8136452	source-identical
geometry-lab/tests/two_rim/fixtures/F3_near_degenerate_prism.json	729	c75ebafb60654a417eea7bae851d645d095e9277b6a9fa7d5a0ff225356a5a28	source-identical
geometry-lab/tests/two_rim/fixtures/X_pinned_hard_flat.json	953	c61aadffc69a52c7e182cab40271fdf0bc68f4e436585764a727cf5dacb911e4	derivative
geometry-lab/tests/two_rim/golden_support.py	8822	37016d70c4fb146d785e8b5499b1cee96d1bd44fc144fe26718a67dda99d7f4b	derivative
geometry-lab/tests/two_rim/pinned/cyclic_normal_splice.py	5955	a450754cf1006265837cf7ef1cef45abb2f383e331a19c6e47bc326ff4c79a60	source-identical
geometry-lab/tests/two_rim/pinned/normal_fan_inputs.py	7611	39b7f11719023564025444f41110e454ec3bb9d4f519b67c6451fd32ee38dbdc	source-identical
geometry-lab/tests/two_rim/test_actions.py	4334	9c6d27ec51cd232387fd425894e896956e8e90691cd37d0dbfc784d0c253b519	source-identical
geometry-lab/tests/two_rim/test_boundaries.py	1710	532361e1d88e777dc71d83d7138ac886e8346b7366c8d2630f6a71472ff3f11c	source-identical
geometry-lab/tests/two_rim/test_checker.py	6701	e70702bd8d37b0f27dd0fd7f5a0a19f1cbe1a8340be3f46dc3526737689a8700	source-identical
geometry-lab/tests/two_rim/test_golden.py	2835	d82f2dfcb4628c8e3248f252bb08c901248c4ed2be36952ed57630ab12f506bf	source-identical
geometry-lab/tests/two_rim/test_material.py	4457	ca1ca4b040bf55c380de828453bb2755fbf6772f2c18635aacd7077a068736c7	source-identical
geometry-lab/tests/two_rim/test_repairs_d01_d03.py	9443	7ab936d6528ced572c76d7c462238330cf3102a67b17cd3ba085a280925fb591	source-identical
geometry-lab/tests/two_rim/test_review_source_boundary_adapted.py	6756	6513f1260969130b307531006e4e6d66ee4282b97fd0d6448d764b29650fc156	derivative
geometry-lab/tests/two_rim/test_source.py	4884	381311585099ba10e97b5f39d1bdc0e8ec0d8fab0f606aa50d532a4c538777ed	source-identical
geometry-lab/tests/two_rim/write_golden_receipt.py	3057	51f712be3895aa4ff0e40c24a8559f49f60320cbf17c84cc744c379fadefe05e	source-identical
geometry-lab/tests/two_rim_dev/.gitattributes	156	d961db0043fa5d8d78fa11d2f57ac82dc6fbfc75edfad3b3c50d218560c6cb21	source-identical
geometry-lab/tests/two_rim_dev/__init__.py	0	e3b0c44298fc1c149afbf4c8996fb92427ae41e4649b934ca495991b7852b855	source-identical
geometry-lab/tests/two_rim_dev/bridge_support.py	1836	13ee745539c65ef5b76534200a4d67aad3aebe41e5ff33e35e23a1d53bb6a837	derivative
geometry-lab/tests/two_rim_dev/eleven_panel.py	3724	f125c7ededfd5f8079cbfc2246fdb8d774d5124bfd2fbe0904dfaeb5dac42904	derivative
geometry-lab/tests/two_rim_dev/helpers.py	2365	88d93c0bd524c797a67eae302e20fe6c39fb2db859313f15223f5be5574e7bab	derivative
geometry-lab/tests/two_rim_dev/historical/beveled_source_certificate.json	20387	5ecd4c32879ba22c4910ace600f87e8b4502c6f6b71894dc1d0cefe1f988f60c	source-identical
geometry-lab/tests/two_rim_dev/historical/beveled_source_certificate.py.txt	11241	079531d603792049362415df16d4a41d6f136971b607bafbaf0b0985c09eeb86	derivative
geometry-lab/tests/two_rim_dev/make_review_stage3_adapted.py	2668	2d9d34d3227a9e8005fc3214bd32ab89334f37852c86787e26f42fdbb15cdbdf	derivative
geometry-lab/tests/two_rim_dev/pinned_bridge/baseline/code/cyclic_normal_splice.py	5955	a450754cf1006265837cf7ef1cef45abb2f383e331a19c6e47bc326ff4c79a60	source-identical
geometry-lab/tests/two_rim_dev/pinned_bridge/baseline/code/normal_fan_inputs.py	7611	39b7f11719023564025444f41110e454ec3bb9d4f519b67c6451fd32ee38dbdc	source-identical
geometry-lab/tests/two_rim_dev/pinned_bridge/code/midsection_bridge.py	3911	e0970ccff439b23e1d3ee52fa35273ef7d3707da9fc5ebfba03a3f5503d750bc	derivative
geometry-lab/tests/two_rim_dev/test_cut.py	4344	40b5069ae202592ec0f69e0c6c5596516f5dccd9052d9927a46a421769c1f049	source-identical
geometry-lab/tests/two_rim_dev/test_develop.py	8310	6f2d635c66817d9375b59bf50ba3b1bed7ef83bcf8f95393099d3a7a6ec3df21	source-identical
geometry-lab/tests/two_rim_dev/test_eleven_panel.py	4658	b67e845a073f7253e4f304cc27db1ff8dd5e43d7b058f297add4c73df9ed5d5b	source-identical
geometry-lab/tests/two_rim_dev/test_overlap_policy.py	1858	949cb2fe0351554d927734d9af69edd616fd2a3b4dae4e2a45ad5494b99c7e30	source-identical
geometry-lab/tests/two_rim_dev/test_repair_s01_aggregates.py	7598	e22d84dbbd18d41c2711dc196c6fb66c3d6a4071579579d06ffcb89e5d08ed47	source-identical
geometry-lab/tests/two_rim_dev/test_repair_s02_schema.py	5971	7ad160f77de2add157ff352a3de6a028fa7c3d359d20cb1bacd74df948356d22	source-identical
geometry-lab/tests/two_rim_dev/test_repair_s03_holonomy.py	4100	9955aea11815dc3049adeb72d4d324b8aca850ac15d61db429934dc9434aa104	source-identical
geometry-lab/tests/two_rim_dev/test_repair_s04_tolerances.py	4226	03d983e8bd4fecdaa0df49556a1ce57049433464452b5f2b133ddbfefc078ff3	source-identical
geometry-lab/tests/two_rim_dev/test_repair_view.py	1427	781b90fdace56284fc6b2e9aca3774cbf5f958db80f48a8f360d13a46729cd4d	source-identical
geometry-lab/tests/two_rim_dev/test_review_stage3_adapted.py	10596	9ada0131233cf93a441c2ecd42a4e35e028a392151903cbeda753bf28df4166b	derivative
geometry-lab/tests/two_rim_dev/test_trim.py	4402	875d15fca50dbe81201bb0ed58c80ba3954b84db0d3da3d4e7c18a3ba02df9ab	source-identical
geometry-lab/tests/two_rim_dev/test_view_and_boundaries.py	3723	f38d51c28a06f3f59938fa9e96478619d2efe92d6ea4b342bc46c8d793c66a0d	source-identical
geometry-lab/tests/two_rim_dev/write_development_golden_receipt.py	3140	c814807f020bf7e1d61cf0bc464d7ba09ab5d393e287822e0555b89bad96ec06	source-identical
geometry-lab/tests/two_rim_ideal/__init__.py	0	e3b0c44298fc1c149afbf4c8996fb92427ae41e4649b934ca495991b7852b855	source-identical
geometry-lab/tests/two_rim_ideal/helpers.py	9924	9899f7236de0fe9d7998b73d017ba4552cc96d925579fa6bac845ae831871c61	source-identical
geometry-lab/tests/two_rim_ideal/test_aggregate_prerequisites.py	9018	631432e7e0f1313005af5f577dd1d9ab33836b6374381c0f3558397673cf5445	source-identical
geometry-lab/tests/two_rim_ideal/test_checker_claims.py	8363	7aecafdfe9d17ad2d2573d07ca752dd7140a394d9b82d190c8936c8d67507be5	source-identical
geometry-lab/tests/two_rim_ideal/test_classification_controls.py	9749	80607632d0d0dbef411dc62eaf8fb368cd108584c9081b71cf348caa3b7aedfd	source-identical
geometry-lab/tests/two_rim_ideal/test_define_and_schema.py	6390	5c5c6c924c74585b024e044f12594cecf1749ebf03530de0703484ecdc749e70	source-identical
geometry-lab/tests/two_rim_ideal/test_e11_ideal.py	4212	e381ba9706da213bf59ae45b9bae2d1a831de11f3f6b77fccbc5cd89f9fa2916	source-identical
geometry-lab/tests/two_rim_ideal/test_firewall.py	3124	a8365bb7eff4cc87def20f73e8f283c6e83fc0ed4884251c1ac71d34d95c017c	source-identical
geometry-lab/tests/two_rim_ideal/test_geometry_provenance.py	4658	0c517ea722b1b351789c639ea62fd44aad508b81aa9d06aa9ff6be0001d54414	derivative
geometry-lab/tests/two_rim_ideal/test_prism_exact.py	2510	09d58b768d64c5215302b3c7c41710539db730f8d5f021b9dc6748bbb5011c93	source-identical
geometry-lab/tests/two_rim_ideal/test_provenance_record.py	1450	976c6f3a380a2664c88178b93383157735b03ab662cefd7834e7fd7e29dedb87	source-identical
geometry-lab/tests/two_rim_ideal/test_ratint.py	6955	dca4d107dd73ac310241f543f30f121d3308ac4e930eebdac5a6e42c91298b1d	source-identical
geometry-lab/tests/two_rim_ideal/test_receipt_determinism.py	1231	5bb1022f6c04eb08b89ff90fcdc63abaa98cc52f7929a2f131b0cf1d390141f2	source-identical
geometry-lab/tests/two_rim_ideal/test_recheck_provenance.py	2558	fe8a7a4ad800dd028599ea644663b1e07855eaf4b9818580d9bd5769515ead76	source-identical
geometry-lab/tests/two_rim_ideal/test_replay_policy.py	4865	2fa82eda7739d03935a2704f801d9a73e2a69b7c90b224d411cd7b945263e840	source-identical
geometry-lab/tests/two_rim_ideal/test_state_mutations.py	3393	8bf5ab74246ec607bda9bf8c2423d88eb388067e188d418f1ef6329f8f998a54	source-identical
geometry-lab/tests/two_rim_ideal/write_stage4b_receipts.py	8649	4b93d10772216a3f9328282c0de534d888fb89bd4bf236a19689eff9c7653ff4	source-identical
geometry-lab/tests/two_rim_ideal_recheck/__init__.py	0	e3b0c44298fc1c149afbf4c8996fb92427ae41e4649b934ca495991b7852b855	source-identical
geometry-lab/tests/two_rim_ideal_recheck/bundle.py	1477	d00c0a3f8c52c42986c3665e891730ba78699daa1c4c8a0a4f06f7c55e5f302f	source-identical
geometry-lab/tests/two_rim_ideal_recheck/recheck_ideal_mpmath.py	43498	ede462cae596b362a9fe08838fb483cbb9d32e71ef2ccac20edd3ee59add21b8	source-identical
geometry-lab/tests/two_rim_ideal_recheck/test_recheck_ideal.py	15322	34bbf273285c99f8f310e4e65ad08faeb7c21c81e86737c7bfa220e744edf64c	derivative
geometry-lab/tests/two_rim_ideal_recheck/test_repair_i01_i02.py	6434	e3c7745550f2c54c9950038a7df834140d93c38ed156848249fbfb1f209e5215	derivative
supporting-sources/S1-physical-source.md	15477	d20fedaa4ced7cfbf4dd3b4b60a635e28c4b94451858083d20e055668df149ed	derivative
supporting-sources/S10-contributions-and-literature.md	11810	d307dd80f3f27d17d0502a9e3736e99c968e3de67813d5bfc2b8e7491c22d9a3	derivative
supporting-sources/S11-lineage.md	10821	11c806195f64a072847c52ca005f8ab08a849e17eb7fd97e734b4baaf0a572b1	derivative
supporting-sources/S11-source-status-manifest.json	6797	fa28dc505912cfc088322110fc44a3660a6d7bb1fb27bb557c1289ecf42f492c	derivative
supporting-sources/S11-source-status.md	6763	72ef358db668d4d3e62f26b030f95c6f55b0468cd404ea0d83107228fb015234	derivative
supporting-sources/S2-folded-turn-radial-support.md	16511	a99c48b7707f323f010c0d10900bf8d1d019df9ad1102733bf09797f39763c60	derivative
supporting-sources/S3-extremal-seam.md	19172	a73d0a234d947895bc81d77daa8316463d89c90ed13b0b5d85cfbc33537e80ed	derivative
supporting-sources/S4-polar-trace.md	17414	456708f5a599e736324be099860ceffd832bb5e183d51aa89697481fbb3c1615	derivative
supporting-sources/S5-small-variation.md	16685	6dad4e11b8ddc313abf17a298932bcb3f2ca1a4fcb6131518bbea98b7a98c55e	derivative
supporting-sources/S6-physical-source-audit.md	15915	797b712128b34affe9eb4f1372b95c0c4ca4d7ebc53b215f98c1af4a42055ae5	derivative
web/index.html	9365	8b050961861e8bc8e6a7ad960dc8ebe4f9d5926ff39a0aebb8ca566c6c3e8fd3	package
